Date,Open,High,Low,Close,Volume,Dividends,Stock Splits
2017-04-03,10.996661115449724,10.996661115449724,10.287198671488014,10.37588119506836,898200,0.0,0
2017-04-04,10.316759946695889,10.46456452399721,9.93246714358491,10.08027172088623,874200,0.0,0
2017-04-05,10.021149191391977,10.228074664433596,9.459491436298077,9.607295989990234,1236900,0.0,0
2017-04-06,9.695979789553824,10.28719808315661,9.695979789553824,9.90290641784668,694400,0.0,0
2017-04-07,10.287199045533946,10.701052340836032,10.050711931501116,10.346321105957031,1359100,0.0,0
2017-04-10,10.346320442036047,10.760173710781263,10.28719838540681,10.582807540893555,775000,0.0,0
2017-04-11,10.582807195183124,11.440224636871912,10.522847717596063,11.242359161376953,1043800,0.25,0
2017-04-12,11.212379583099391,11.302318224364834,10.990529867254883,11.092460632324219,440400,0.0,0
2017-04-13,11.09246181706395,11.09246181706395,10.67274658815468,10.732706069946289,305800,0.0,0
2017-04-17,10.73270598120495,10.990530950234696,10.582807849781327,10.972542762756348,458000,0.0,0
2017-04-18,10.912584866923886,11.00252352069312,10.612788591938418,10.762686729431152,502300,0.0,0
2017-04-19,10.822644580864367,11.00252302391309,10.732705931155992,10.852624893188477,387700,0.0,0
2017-04-20,10.912586371175498,11.422239193998552,10.912586371175498,11.36228084564209,461500,0.0,0
2017-04-21,11.362279620966788,11.362279620966788,11.092462507916006,11.272339820861816,408300,0.0,0
2017-04-24,11.452217709332018,11.572135530803134,11.272339261677333,11.422237396240234,361500,0.0,0
2017-04-25,11.48219599582777,11.542155473768535,11.140428458286898,11.18239974975586,357900,0.0,0
2017-04-26,11.242359496064521,11.662074708037043,11.122440537320387,11.452217102050781,442300,0.0,0
2017-04-27,11.482196407215142,11.530163762559958,11.212380462262532,11.332298278808594,269500,0.0,0
2017-04-28,11.33229822521971,11.42823293545568,11.122440617716538,11.212380409240723,329400,0.0,0
2017-05-01,11.212381478967922,11.272339820861816,11.032503022390046,11.272339820861816,332200,0.0,0
2017-05-02,11.302317576916527,11.722031593322754,11.242358104963692,11.722031593322754,393700,0.0,0
2017-05-03,11.632094800013453,11.692054281465314,11.36227884892806,11.602115631103516,359900,0.0,0
2017-05-04,11.692051773572746,11.991847972895124,11.692051773572746,11.811970710754395,787100,0.0,0
2017-05-05,11.811971730098069,11.99184900776176,11.662073617501047,11.931889533996582,377900,0.0,0
2017-05-08,11.931890421069147,12.171727190328602,11.931890421069147,11.991849899291992,333900,0.0,0
2017-05-09,11.991848462931666,12.081787097677294,11.871929520849633,11.901909828186035,367900,0.0,0
2017-05-10,11.811972074786434,12.23168611612678,11.811972074786434,12.14174747467041,331600,0.0,0
2017-05-11,11.991853678966825,12.081792352832618,11.284334128926616,11.482199668884277,473600,0.0,0
2017-05-12,11.392258422015464,11.452217905594582,10.852625357067453,10.942564010620117,545200,0.0,0
2017-05-15,11.002524575203084,11.0325037481221,10.642768782014205,10.702728271484375,492400,0.0,0
2017-05-16,10.642767583206169,10.702727065922465,10.402930795972996,10.432909965515137,447600,0.0,0
2017-05-17,10.432910210579145,10.432910210579145,9.833317656596067,10.07315444946289,1033800,0.0,0
2017-05-18,10.25303266099826,11.152421470846669,10.073154212849373,10.432909965515137,1034100,0.0,0
2017-05-19,9.9532350862746,10.223051007679622,9.653438855625557,10.103133201599121,1004500,0.0,0
2017-05-22,10.073152429666852,10.672744863423969,10.073152429666852,10.37294864654541,734300,0.0,0
2017-05-23,10.432909094553205,10.432909094553205,9.983214727170465,10.013195037841797,372800,0.0,0
2017-05-24,10.013194687980754,10.103133329588463,9.743377619525752,9.983214378356934,472200,0.0,0
2017-05-25,10.13311236721128,10.193071842067463,10.04317372674294,10.103133201599121,376700,0.0,0
2017-05-26,10.103134763341268,10.163094247465983,9.92325631096712,10.07315444946289,261600,0.0,0
2017-05-30,10.103135149316945,10.283012464931005,10.103135149316945,10.223052978515625,296200,0.0,0
2017-05-31,10.223050529566535,10.253030837408433,9.893275148728314,10.193071365356445,298500,0.0,0
2017-06-01,10.16309347133709,10.582807540893555,10.043174512245557,10.582807540893555,450200,0.0,0
2017-06-02,10.582809108916106,10.654760723758267,10.223053321969537,10.253033638000488,359900,0.0,0
2017-06-05,10.253032901837036,10.283012072083375,10.043175279216552,10.07315444946289,419700,0.0,0
2017-06-06,9.983214860551401,10.103133817575078,9.743378090135979,9.89327621459961,366500,0.0,0
2017-06-07,9.893277096041091,10.013196063748948,9.683419474368359,9.95323657989502,343600,0.0,0
2017-06-08,9.9532350862746,10.283010482535802,9.923254777030579,10.103133201599121,394900,0.0,0
2017-06-09,10.103134370214375,10.80465767682262,10.01319571934296,10.732706069946289,519700,0.0,0
2017-06-12,10.672746499909103,11.332298506899438,10.672746499909103,10.972542762756348,440800,0.0,0
2017-06-13,10.942563779013497,11.03250243066255,10.372950412516158,10.49286937713623,564500,0.0,0
2017-06-14,10.46288824661787,10.612786352479835,10.253030669684762,10.552826881408691,302200,0.0,0
2017-06-15,10.462890207797214,10.654759636283726,10.253032591528088,10.49286937713623,221600,0.0,0
2017-06-16,10.28301130045379,10.432909427701315,10.103134005209542,10.40293025970459,735300,0.0,0
2017-06-19,10.432907939266403,10.552826881408691,10.07315225647133,10.552826881408691,477800,0.0,0
2017-06-20,10.522846746194666,10.522846746194666,10.103132729094368,10.193071365356445,311800,0.0,0
2017-06-21,10.193071842067463,10.402929432248165,10.0731528923551,10.103133201599121,283600,0.0,0
2017-06-22,10.073152042124702,10.133111511919969,9.743376673698387,9.803336143493652,463800,0.0,0
2017-06-23,9.743379002225014,10.103134763341268,9.623460033975583,10.07315444946289,677000,0.0,0
2017-06-26,10.13311236721128,10.193071842067463,9.923254777030579,10.103133201599121,270700,0.0,0
2017-06-27,10.10313320184699,10.432908598116285,9.983214252131686,10.283010482788086,352600,0.0,0
2017-06-28,10.34297078007919,10.58280755494884,10.265024257108536,10.40293025970459,368000,0.0,0
2017-06-29,10.402930970722183,10.792665899476887,10.342971486998684,10.762686729431152,369800,0.0,0
2017-06-30,10.822643824905144,10.822643824905144,10.570814937132704,10.672745704650879,363100,0.0,0
2017-07-03,10.732705380647994,11.212380060542202,10.732705380647994,11.18239974975586,358700,0.0,0
2017-07-05,11.09246089881558,11.18239954224176,10.570814937132704,10.672745704650879,399800,0.0,0
2017-07-06,10.64276703457424,10.792665161821764,10.28301130045379,10.40293025970459,400600,0.0,0
2017-07-07,10.432909965515137,10.522848617773576,10.283011830540403,10.432909965515137,246600,0.0,0
2017-07-10,10.253031942038708,10.40293006650234,9.833316736087772,9.89327621459961,539300,0.0,0
2017-07-11,9.893275736749224,10.103133329588463,9.863296570757282,9.983214378356934,528100,0.0,0
2017-07-12,9.98321594014309,10.135399113502178,9.800596596538373,9.952779769897461,575200,0.25,0
2017-07-13,9.952777962076759,10.59194670966025,9.922340636294289,10.50063705444336,598600,0.0,0
2017-07-14,10.470201187586992,10.591947010984573,10.056262833691582,10.104961395263672,363500,0.0,0
2017-07-17,10.1658353805542,10.409328200224437,9.952778727943237,10.1658353805542,465800,0.0,0
2017-07-18,10.165835353693568,10.226707687651277,10.001477265450927,10.044088363647461,319900,0.0,0
2017-07-19,10.074525244363914,10.257145742370966,10.044089075228785,10.22670841217041,290800,0.0,0
2017-07-20,10.196271779467155,10.427589673147496,10.165835611715792,10.287581443786621,252600,0.0,0
2017-07-21,10.348454091086317,10.439763747912258,10.013651629036106,10.196270942687988,434100,0.0,0
2017-07-24,10.135397024059966,10.196270513067445,9.770157251080326,9.922340393066406,703000,0.0,0
2017-07-25,9.98321489500251,10.34845470504054,9.922341399818613,10.1658353805542,683500,0.0,0
2017-07-26,10.135397560846743,10.22670721866125,9.922340918569365,10.104961395263672,301700,0.0,0
2017-07-27,10.135398662536122,10.561511993408203,10.074525163687909,10.561511993408203,571000,0.0,0
2017-07-28,10.439765221074246,10.470202551688113,10.104962711779839,10.257145881652832,318500,0.0,0
2017-07-31,10.287582409799324,10.470202916651852,10.10496306401228,10.409329414367676,374100,0.0,0
2017-08-01,10.50063897542701,10.652822148983924,10.318019631584905,10.62238597869873,390400,0.0,0
2017-08-02,10.591947175232981,10.652820668408378,10.34845436359671,10.439764022827148,968000,0.0,0
2017-08-03,10.226709763013583,10.439766458298362,9.831033706665039,9.831033706665039,1016500,0.0,0
2017-08-04,9.831032051997786,10.104962208553655,9.800595883965084,10.074524879455566,404500,0.0,0
2017-08-07,10.07452441673688,10.439764221680932,10.044088250102098,10.135397911071777,622800,0.0,0
2017-08-08,10.196271547613474,10.500637862467608,10.1658353805542,10.1658353805542,347500,0.0,0
2017-08-09,10.135399113502178,10.135399113502178,9.861470098095102,9.952779769897461,430100,0.0,0
2017-08-10,9.952780639048122,9.952780639048122,9.435357572228906,9.496231079101562,873000,0.0,0
2017-08-11,9.404920818792577,9.648414265750414,9.31361113901638,9.496231079101562,378300,0.0,0
2017-08-14,9.52666689125203,9.617977148103304,9.16142760544523,9.22230052947998,542200,0.0,0
2017-08-15,9.19186282152519,9.19186282152519,8.327462452114151,8.33963680267334,1126600,0.0,0
2017-08-16,8.461382567517282,8.857059089924963,8.370072913402305,8.704875946044922,961700,0.0,0
2017-08-17,8.37007428048462,9.009243705282715,8.217891111748536,8.644003868103027,969400,0.0,0
2017-08-18,8.522255669831305,8.61356531979503,8.297024696792532,8.552692413330078,1000900,0.0,0
2017-08-21,8.491820454357931,8.552693952309108,8.278764372594214,8.400510787963867,798500,0.0,0
2017-08-22,8.461382305773864,8.644002188887296,8.339635910542443,8.613565444946289,604600,0.0,0
2017-08-23,8.644003868103027,8.796187036839111,8.491820699366944,8.644003868103027,543100,0.0,0
2017-08-24,8.826622503708553,9.100552051510222,8.796185758278893,8.887495994567871,765400,0.0,0
2017-08-25,8.85705999321013,9.222299227451495,8.826623245223514,9.191863059997559,874700,0.0,0
2017-08-28,9.16142760544523,9.283174034047496,8.978807672275448,9.22230052947998,396400,0.0,0
2017-08-29,9.100554100877714,9.22230052947998,9.027506243716354,9.22230052947998,368500,0.0,0
2017-08-30,9.2222990829779,9.2222990829779,8.966631332747813,9.00924301147461,477900,0.0,0
2017-08-31,8.917931723291142,9.009241955114161,8.552692537596881,8.613565444946289,604700,0.0,0
2017-09-01,8.644002835761233,8.917932390664598,8.595304274024308,8.857059478759766,447500,0.0,0
2017-09-05,8.826622009277344,8.917931659918898,8.662263941483427,8.826622009277344,711700,0.0,0
2017-09-06,8.826623106948452,9.130989420981157,8.826623106948452,9.00924301147461,379300,0.0,0
2017-09-07,9.070115925961547,9.130989420981157,8.887496601968062,9.00924301147461,388400,0.0,0
2017-09-08,9.00924298112753,9.00924298112753,8.674439920712782,8.735313415527344,426100,0.0,0
2017-09-11,8.735313763249284,8.875321994150267,8.704877014630423,8.76574993133545,279600,0.0,0
2017-09-12,8.76574852182791,9.039678634817768,8.76574852182791,8.826622009277344,476400,0.0,0
2017-09-13,8.826623220933318,9.22229920207243,8.826623220933318,9.07011604309082,546000,0.0,0
2017-09-14,9.070115925961547,9.070115925961547,8.887496601968062,9.00924301147461,234800,0.0,0
2017-09-15,9.070115762437155,9.587538719177246,8.948369355125564,9.587538719177246,1166600,0.0,0
2017-09-18,9.55710339272033,9.617976895690289,9.344047293390974,9.526666641235352,773900,0.0,0
2017-09-19,9.557102690164603,9.6484129379072,9.313609857249759,9.617976188659668,675700,0.0,0
2017-09-20,9.587538719177246,9.788420436374537,9.313609157593,9.587538719177246,620300,0.0,0
2017-09-21,9.648414265750414,9.678850438653956,9.404920818792577,9.496231079101562,516500,0.0,0
2017-09-22,9.404920332207679,9.727548508662167,9.404920332207679,9.7092866897583,308300,0.0,0
2017-09-25,9.678848554574484,10.184096589454743,9.678848554574484,10.044088363647461,580700,0.0,0
2017-09-26,10.104962711779839,10.34845555136354,9.9406046096613,10.257145881652832,625000,0.0,0
2017-09-27,10.257146239189979,10.409329414367676,9.95277988883458,10.409329414367676,630000,0.0,0
2017-09-28,10.409327582658705,10.439763747912258,9.952778137463719,10.196270942687988,596700,0.0,0
2017-09-29,10.165836211942125,10.287582051201253,10.074525381165975,10.257145881652832,328700,0.0,0
2017-10-02,10.257145742370966,10.257145742370966,10.013652906093657,10.22670841217041,351600,0.0,0
2017-10-03,10.257145742370966,10.348455410841778,10.123223811619374,10.22670841217041,439300,0.0,0
2017-10-04,10.196272615058907,10.348455788417995,9.952779769897461,9.952779769897461,381700,0.0,0
2017-10-05,9.983214459620026,10.561510897048672,9.983214459620026,10.531073570251465,475600,0.0,0
2017-10-06,10.531073682057587,10.652820668408378,10.318018197541667,10.439764022827148,365600,0.0,0
2017-10-09,10.409327810107667,10.531073634847369,9.922341027952948,10.013651847839355,341600,0.0,0
2017-10-10,10.044088390186406,10.196271547613474,10.013652223127133,10.1658353805542,245800,0.0,0
2017-10-11,10.104963070705653,10.196272743659655,9.800596720148647,9.861470222473145,430400,0.0,0
2017-10-12,9.861470219820916,9.861470219820916,9.428678536090702,9.490506172180176,463000,0.25,0
2017-10-13,9.521418142168624,9.880016968975497,9.521418142168624,9.61415958404541,306400,0.0,0
2017-10-16,9.521418571472168,9.645073832883275,9.335936858619478,9.521418571472168,385400,0.0,0
2017-10-17,9.521418753564403,9.706901059596332,9.490505527252411,9.675987243652344,245800,0.0,0
2017-10-18,9.675986641825675,9.9727578413126,9.55233197537279,9.923295974731445,327800,0.0,0
2017-10-19,9.892381706181363,9.985122548824053,9.768727052780473,9.954209327697754,212000,0.0,0
2017-10-20,10.077863799990066,10.294259894437525,10.016037355231228,10.263346672058105,438600,0.0,0
2017-10-23,10.294260059616597,10.448828532521542,10.059316499677179,10.356087684631348,369700,0.0,0
2017-10-24,10.417917375547601,10.448830604553223,10.213886998023845,10.448830604553223,318600,0.0,0
2017-10-25,10.448830604553223,10.665226745384865,10.170608005710337,10.448830604553223,370000,0.0,0
2017-10-26,10.38700132691866,10.788880316109893,10.356088102794986,10.727052688598633,279500,0.0,0
2017-10-27,10.572484177635857,10.776514522324272,10.325174847598975,10.6652250289917,548700,0.0,0
2017-10-30,10.665225285110925,10.665225285110925,9.923296097919373,10.17060661315918,500000,0.0,0
2017-10-31,10.17060661315918,10.3560883203251,10.127326447507459,10.17060661315918,358600,0.0,0
2017-11-01,10.170605825656008,10.356087518460205,9.985122953587966,10.263346672058105,391100,0.0,0
2017-11-02,10.201519066179303,11.128929890377421,10.201519066179303,10.974361419677734,747400,0.0,0
2017-11-03,10.943448197243336,11.067102266244778,10.78887972654365,10.974361419677734,381600,0.0,0
2017-11-06,10.943449739191962,11.994514780488178,10.943449739191962,11.561723709106445,837900,0.0,0
2017-11-07,11.530807815109014,11.530807815109014,10.850706300111042,11.005274772644043,1042300,0.0,0
2017-11-08,10.94344936156021,11.314412787296648,10.788880874415371,11.19075870513916,531800,0.0,0
2017-11-09,11.098016526494757,11.62354837676452,11.098016526494757,11.592635154724121,523700,0.0,0
2017-11-10,11.592635355497661,11.90177229831093,11.592635355497661,11.747203826904297,357700,0.0,0
2017-11-13,11.685376202488872,11.839944673895507,11.605001116233515,11.747203826904297,505200,0.0,0
2017-11-14,11.59263351764712,11.809029579162598,11.468978288420084,11.809029579162598,420400,0.0,0
2017-11-15,11.685376202488872,11.90177229831093,11.499894508506449,11.747203826904297,515100,0.0,0
2017-11-16,11.809032188351944,12.427306112566558,11.68537693180345,12.303650856018066,793800,0.0,0
2017-11-17,12.70552738082398,13.571111730246766,12.674614159457654,12.829182624816895,1663000,0.0,0
2017-11-20,12.860095598892753,13.571111469283972,12.76735475731331,13.416543006896973,1093100,0.0,0
2017-11-21,13.416543613758522,13.416543613758522,12.952838205623049,13.014664649963379,1113800,0.0,0
2017-11-22,13.045580100648126,13.354717064268868,12.82918399026082,13.200148582458496,543800,0.0,0
2017-11-24,13.354718845258962,13.447459710860352,13.014667432368407,13.107409477233887,297200,0.0,0
2017-11-27,13.200147989601176,13.81842188907417,13.1692335870692,13.447457313537598,856600,0.0,0
2017-11-28,13.478369735115189,14.467608151285066,13.478369735115189,14.343954086303711,1121900,0.0,0
2017-11-29,14.343955002401831,15.116797380133312,14.12755890078424,14.993142127990723,982800,0.0,0
2017-11-30,14.80766181539799,15.116798795433322,13.47837185783487,13.756595611572266,1277200,0.0,0
2017-12-01,13.818423797105607,13.880251431442769,13.076494543587762,13.323803901672363,820300,0.0,0
2017-12-04,13.509284939337672,14.282127313678913,13.435091552524808,13.447457313537598,946000,0.0,0
2017-12-05,13.97298923563741,13.97298923563741,12.983750840507865,13.416543006896973,827100,0.0,0
2017-12-06,13.540195118652795,14.053362292680406,13.478367506752102,14.034814834594727,1029100,0.0,0
2017-12-07,14.065730774994265,14.282126868923868,13.571112142524179,13.787507057189941,1436700,0.0,0
2017-12-08,13.91116155505674,14.238847118444149,13.756593093333889,13.9420747756958,534900,0.0,0
2017-12-11,14.034816702465656,14.220298383589578,13.880248241774465,13.972989082336426,528000,0.0,0
2017-12-12,13.91116297344427,14.158472301563833,13.632939242269826,13.663853645324707,488800,0.0,0
2017-12-13,13.725681593151654,14.220300260957654,13.725681593151654,13.849335670471191,1020600,0.0,0
2017-12-14,13.972993546214354,14.034821186095332,13.41654714581385,13.72568416595459,717700,0.0,0
2017-12-15,13.818418782574106,14.220296491033192,13.818418782574106,14.034814834594727,1358200,0.0,0
2017-12-18,14.282125728164223,14.65309026251857,14.251211329064176,14.49852180480957,771000,0.0,0
2017-12-19,14.529435773407647,14.591263395530229,14.313039685610518,14.343954086303711,591500,0.0,0
2017-12-20,14.46760848788913,14.609811196594896,14.374867642179447,14.529436111450195,417000,0.0,0
2017-12-21,14.622180976819417,14.838577129138857,14.560353336261839,14.74583625793457,350700,0.0,0
2017-12-22,14.776745796203613,14.900401046420091,14.622177323064948,14.776745796203613,340400,0.0,0
2017-12-26,14.776744525844345,15.456845985038804,14.745831305579772,15.240449905395508,324200,0.0,0
2017-12-27,15.302275424100914,15.456843862728196,15.01168718401652,15.147706985473633,447200,0.0,0
2017-12-28,15.147706985473633,15.33318864012093,15.024051762866366,15.147706985473633,449000,0.0,0
2017-12-29,15.178623420426064,15.240451044841487,14.68400478363037,14.684004783630371,413500,0.0,0
2018-01-02,14.77674427785104,15.209536429874221,14.77674427785104,15.024053573608398,410300,0.0,0
2018-01-03,15.17862319946289,15.524857419443412,14.962228286054856,15.17862319946289,481100,0.0,0
2018-01-04,15.116797782506186,15.147711006732727,13.045579919202194,13.818422317504883,1910100,0.0,0
2018-01-05,13.787506469413795,13.942074932879258,13.200147015803308,13.385628700256348,791300,0.0,0
2018-01-08,13.540197163721812,13.577293264759662,13.045578552337846,13.385628700256348,811000,0.0,0
2018-01-09,13.354715817768872,13.447456662346081,12.550959079817481,12.921923637390137,868300,0.0,0
2018-01-10,13.076492330790252,13.972989928814103,13.045579108484812,13.787507057189941,1079300,0.0,0
2018-01-11,13.619776236072392,14.559072207956952,13.619776236072392,14.424886703491211,797800,1.75,0
2018-01-12,14.424886860999539,14.693256593173594,13.941821343086241,14.055878639221191,576600,0.0,0
2018-01-16,14.190063437585831,14.190063437585831,13.25076869726181,13.418499946594238,773100,0.0,0
2018-01-17,13.653324200399414,13.753962695895215,13.351407434224116,13.384954452514648,589600,0.0,0
2018-01-18,13.452045719995146,13.72041674338376,13.317861487988718,13.586231231689453,579600,0.0,0
2018-01-19,13.653321250946613,14.156514899411322,13.586228508547128,13.921690940856934,545500,0.0,0
2018-01-22,13.988785453013241,14.324247927763258,13.95523843772557,14.290700912475586,393300,0.0,0
2018-01-23,14.357793961731621,14.357793961731621,13.955238727728567,13.988785743713379,322800,0.0,0
2018-01-24,14.156516740038713,14.324247978001997,13.720415777271732,14.022331237792969,364200,0.0,0
2018-01-25,14.089425929534874,14.257157190600767,13.821056167767042,14.190064430236816,391300,0.0,0
2018-01-26,14.257155702687662,14.424886946248693,14.022331705764651,14.391341209411621,458300,0.0,0
2018-01-29,14.290704161596844,14.65971373553221,14.290704161596844,14.491982460021973,520900,0.0,0
2018-01-30,14.357794108034069,14.458432597638362,13.955238869929076,14.055878639221191,477000,0.0,0
2018-01-31,14.156517442909305,14.19006318029239,13.284314194382695,13.452045440673828,405200,0.0,0
2018-02-01,13.284313633562961,13.787507351193192,13.08303665838599,13.485591888427734,409300,0.0,0
2018-02-02,13.418500016300044,13.552685528338198,13.11658325405814,13.150130271911621,432800,0.0,0
2018-02-05,12.948852675073402,13.519139211265205,12.948852675073402,13.015945434570312,526400,0.0,0
2018-02-06,12.78112072089937,13.68016032206274,12.55971552238528,13.586231231689453,659500,0.0,0
2018-02-07,13.619776193698463,14.357793906588288,13.619776193698463,14.257155418395996,455200,0.0,0
2018-02-08,14.559072116285927,14.693256340218968,13.619776150315634,14.089424133300781,677500,0.0,0
2018-02-09,14.290702954855796,14.52552697667864,13.686870669945602,14.357795715332031,483200,0.0,0
2018-02-12,14.357795691302709,14.357795691302709,13.7204176670651,14.190064430236816,447800,0.0,0
2018-02-13,14.22361136459193,14.491981124743333,13.988787344576467,14.458434104919434,534900,0.0,0
2018-02-14,14.42488696932719,15.095811944644733,14.22360998860706,14.995173454284668,1246200,0.0,0
2018-02-15,15.06226821941254,15.06226821941254,14.491981658289783,14.726805686950684,661100,0.0,0
2018-02-16,14.726805686950684,15.035430602565349,14.626165903461722,14.726805686950684,644100,0.0,0
2018-02-20,14.525523870800301,14.626162350151938,13.92169171500278,14.122968673706055,796700,0.0,0
2018-02-21,14.223609682227833,14.49197941063655,14.156516930203702,14.257155418395996,435000,0.0,0
2018-02-22,14.257155702687662,14.592618189809725,14.257155702687662,14.391341209411621,318700,0.0,0
2018-02-23,14.525525279299142,14.827442026317756,14.290701284916643,14.76034927368164,316100,0.0,0
2018-02-26,14.793895193876706,15.229997451583376,14.679837896885209,14.995173454284668,427400,0.0,0
2018-02-27,15.12935740271682,15.397728411648302,14.424886703491213,14.424886703491211,388700,0.0,0
2018-02-28,14.592616616930625,14.928079067894547,14.055877207263427,14.122968673706055,426300,0.0,0
2018-03-01,14.089423365222604,14.190061847608076,13.653322421760404,13.88814640045166,585100,0.0,0
2018-03-02,13.753961464750674,14.391340678650819,13.586230227375665,14.290700912475586,363000,0.0,0
2018-03-05,14.290705230485486,14.424890772805457,14.089428196693701,14.223613739013672,514300,0.0,0
2018-03-06,14.257158418370029,14.626166712617316,14.257158418370029,14.491982460021973,414500,0.0,0
2018-03-07,14.424887690050848,14.89453570811371,14.290702176407773,14.592618942260742,421900,0.0,0
2018-03-08,14.19006222210731,14.42488620699596,13.049490592157499,13.183674812316895,1424100,0.0,0
2018-03-09,13.250769590720154,13.41850085136218,12.948852809689319,13.083038330078125,533200,0.0,0
2018-03-12,13.150130200301914,13.304442642523957,12.680482190413752,12.814667701721191,530700,0.0,0
2018-03-13,12.948853460695897,12.948853460695897,12.44565965347163,12.613390922546387,607200,0.0,0
2018-03-14,12.646937436679412,12.71403019755463,12.177289390240865,12.210836410522461,522700,0.0,0
2018-03-15,12.244382858276367,12.345021365557468,11.942466056745017,12.244382858276367,714700,0.0,0
2018-03-16,12.881761329182877,13.317862350914556,12.043105025972741,13.083038330078125,1983400,0.0,0
2018-03-19,13.049492424246882,13.821055957472657,12.982399664903783,13.61977767944336,925800,0.0,0
2018-03-20,13.653321250946613,14.02232941461235,13.519135766147642,13.921690940856934,667100,0.0,0
2018-03-21,13.921693133290253,14.391341124360716,13.921693133290253,14.055878639221191,591200,0.0,0
2018-03-22,13.854599904410628,14.156516642540302,13.686868667602539,13.686868667602539,532600,0.0,0
2018-03-23,13.787507201803125,14.257155178377742,13.753961466199703,13.854599952697754,387200,0.0,0
2018-03-26,14.055879518613775,14.458433502216346,13.821055508387005,14.324249267578125,382700,0.0,0
2018-03-27,14.290700291389854,14.827440995475355,14.109551535460438,14.156516075134277,643000,0.0,0
2018-03-28,14.190063845215759,15.364182624270999,14.156518106260775,14.82744312286377,980100,0.0,0
2018-03-29,14.928081373435706,15.330636632701887,14.693257365556443,14.86098861694336,682700,0.0,0
2018-04-02,14.894534778953874,14.99517326806414,14.190062795806377,14.76034927368164,737200,0.0,0
2018-04-03,14.860990902470773,15.129360690025857,14.693259625287833,14.894537925720215,633300,0.0,0
2018-04-04,14.760349497156236,15.297088966995874,14.760349497156236,15.162904739379883,928800,0.0,0
2018-04-05,15.263541258519187,15.833827671368427,14.928078813277006,15.699642181396484,745800,0.0,0
2018-04-06,15.565459585754562,15.766736561903743,15.02871884987707,15.12935733795166,546700,0.0,0
2018-04-09,15.364181430603137,15.498366935373815,14.928080459630156,15.028718948364258,545900,0.0,0
2018-04-10,15.29708815532932,16.102198597057292,15.129356919943307,15.666097640991211,722000,0.0,0
2018-04-11,15.531915940043133,16.102202535789978,15.531915940043133,16.001564025878906,530300,0.0,0
2018-04-12,16.03546270148848,16.103266186184353,15.120118891203958,15.255725860595703,564000,0.25,0
2018-04-13,15.391331891296772,15.615082471876258,15.120117969054148,15.357429504394531,474800,0.0,0
2018-04-16,15.391331891296772,15.865953668733713,15.154020355956389,15.357429504394531,520800,0.0,0
2018-04-17,15.493035285466739,15.628640943015627,15.255723768201525,15.39133071899414,419900,0.0,0
2018-04-18,15.425232913464626,15.594740967458742,15.01841332522998,15.052315711975098,451800,0.0,0
2018-04-19,15.120118141174316,15.255725103839312,14.869246941461064,15.120118141174316,351800,0.0,0
2018-04-20,15.052314851798975,15.221822896106426,14.815003331119797,14.984511375427246,317300,0.0,0
2018-04-23,15.018411547007787,15.086215019226074,14.781100040865608,15.086215019226074,255500,0.0,0
2018-04-24,15.221823987399393,15.425233137853775,14.91670896847398,15.018413543701172,496500,0.0,0
2018-04-25,15.086217795477975,15.357430441017561,14.916709730360244,15.255725860595703,233100,0.0,0
2018-04-26,15.3235300004046,15.69644724230904,15.22182541563466,15.56084156036377,307600,0.0,0
2018-04-27,15.56083963260267,16.17106835886784,15.459133767188643,15.933756828308105,543300,0.0,0
2018-04-30,15.93375612482352,16.00155960102471,15.628641128540039,15.628641128540039,329500,0.0,0
2018-05-01,15.628640943015627,15.764247893808243,15.12011681740891,15.39133071899414,356200,0.0,0
2018-05-02,15.323526454916575,15.730345993112241,15.086214949865465,15.526935577392578,273100,0.0,0
2018-05-03,15.526937436627655,15.594740916653171,15.289625903160257,15.323528289794922,243800,0.0,0
2018-05-04,15.323529448023047,15.357430543976308,15.01841441146803,15.187922477722168,207400,0.0,0
2018-05-07,15.187919580931675,15.221821963662652,14.950608074789498,15.086215019226074,272100,0.0,0
2018-05-08,15.018412429216824,15.69644460474123,14.9845113377381,15.628641128540039,497700,0.0,0
2018-05-09,15.69644832611084,15.798152917903236,15.289628665697201,15.69644832611084,303400,0.0,0
2018-05-10,15.628642734997293,16.001561245813996,15.425233578729184,15.832053184509277,321500,0.0,0
2018-05-11,15.899855503403545,16.51008422076739,15.832052025197834,16.340576171875,287300,0.0,0
2018-05-14,16.442281602677223,16.645690754691156,16.272773544917666,16.40838050842285,312000,0.0,0
2018-05-15,16.408378553796503,16.984704846929816,16.340575080120907,16.950803756713867,460800,0.0,0
2018-05-16,17.120313496265595,17.77122380447549,17.120313496265595,17.45932960510254,605300,0.0,0
2018-05-17,17.425428632060783,17.561034300587348,17.2559205764697,17.49323081970215,390100,0.0,0
2018-05-18,17.493231636159365,17.56103512020914,17.18811789780122,17.35762596130371,325400,0.0,0
2018-05-21,17.391526244996264,17.628837781472548,17.323722764111064,17.49323081970215,315300,0.0,0
2018-05-22,17.561036506049245,17.7983480723291,16.91690658985421,16.984708786010742,373700,0.0,0
2018-05-23,16.950806515897977,17.222019161503564,16.849101935451372,17.01861000061035,397800,0.0,0
2018-05-24,16.88300196143097,17.683080185205167,16.88300196143097,17.45932960510254,796600,0.0,0
2018-05-25,16.88300210752108,17.730542386947274,16.88300210752108,17.12031364440918,685600,0.0,0
2018-05-29,17.018612529713185,17.459333305972407,16.984710135696876,17.425432205200195,493300,0.0,0
2018-05-30,17.323719891563748,17.459326830848365,17.120310775880437,17.391523361206055,478700,0.0,0
2018-05-31,17.45932975617966,17.52713323718252,16.849101013641565,17.12031364440918,512900,0.0,0
2018-06-01,17.120311794281005,17.1881152679566,16.81519680936268,16.950803756713867,336100,0.0,0
2018-06-04,17.0525101338141,17.561034300587348,17.018609039993418,17.49323081970215,400900,0.0,0
2018-06-05,17.527134557044015,18.44247838640203,17.357626488394157,18.30687141418457,556200,0.0,0
2018-06-06,18.306869315908394,18.544180843467075,18.13736126668702,18.442476272583008,510300,0.0,0
2018-06-07,18.71368894605998,18.951000474295473,18.476377417824484,18.645885467529297,445000,0.0,0
2018-06-08,18.645887321047514,19.0188045501709,18.578083835776738,19.0188045501709,365200,0.0,0
2018-06-11,19.05270693942824,19.25611610199665,18.883198872873265,19.0188045501709,333500,0.0,0
2018-06-12,19.22221576970507,19.527329525680216,18.815396135160906,19.25611686706543,846300,0.0,0
2018-06-13,19.2900202951941,19.2900202951941,18.747593655545845,18.781496047973633,399600,0.0,0
2018-06-14,18.781494831243297,18.815395928230817,17.900052083884308,18.00175666809082,560200,0.0,0
2018-06-15,17.83224462271284,17.98819299653629,17.594934410197368,17.764442443847656,824300,0.0,0
2018-06-18,17.730548457907574,18.239072799682617,17.730548457907574,18.239072799682617,372300,0.0,0
2018-06-19,18.10346017414026,18.476377365129768,17.967853217465645,18.442476272583008,402700,0.0,0
2018-06-20,18.61198902220516,18.781497114235286,18.272972838144916,18.713693618774414,299800,0.0,0
2018-06-21,18.713692582412822,19.323921421278058,18.6458890907069,19.18831443786621,484300,0.0,0
2018-06-22,19.323922264887553,19.479869397348413,18.815397994758932,19.052709579467773,459400,0.0,0
2018-06-25,19.05270872117574,19.12051221278728,18.64588906475056,18.781496047973633,322600,0.0,0
2018-06-26,18.883200870015813,18.91710196961472,18.70013182839598,18.84929847717285,302400,0.0,0
2018-06-27,18.917102065110775,19.154413643233273,18.442480202109838,18.476381301879883,256700,0.0,0
2018-06-28,18.510284423828125,18.849300631541052,18.408579820163087,18.510284423828125,291600,0.0,0
2018-06-29,18.713696035970365,18.747597141457657,18.137368189976463,18.239072799682617,458000,0.0,0
2018-07-02,18.205167074840805,18.34077275562585,17.45933130416925,17.594938278198242,529800,0.0,0
2018-07-03,17.696642124627857,17.798346704289305,17.425429481116037,17.56103515625,329100,0.0,0
2018-07-05,17.69664007855372,17.69664007855372,16.984705516749226,17.527132034301758,439100,0.0,0
2018-07-06,17.594938331264775,18.03565905832229,17.49323245381431,18.00175666809082,298700,0.0,0
2018-07-09,18.103460701647492,18.239066369029665,17.76444459332633,17.832246780395508,346700,0.0,0
2018-07-10,17.832244929264473,18.035655349087815,17.594934712669435,17.662736892700195,370900,0.0,0
2018-07-11,17.628838604258913,17.69664208830869,17.255921381850996,17.35762596130371,332800,0.0,0
2018-07-12,17.11797334586206,17.186445500445053,15.61159116902711,16.022422790527344,747300,0.25,0
2018-07-13,16.02241908385319,16.15936336133808,15.851239389995792,15.885476112365723,598400,0.0,0
2018-07-16,15.953953910795011,16.056662816751306,15.577358942281899,15.817010879516602,315700,0.0,0
2018-07-17,15.817009018111786,16.1936039423058,15.782772284822798,16.15936851501465,279700,0.0,0
2018-07-18,16.15936669222819,16.53596157394207,16.125129962801125,16.501726150512695,222400,0.0,0
2018-07-19,16.501723726011193,16.981026113589795,16.433251583214965,16.94679069519043,268500,0.0,0
2018-07-20,16.91255556556262,17.08373527247723,16.467487282786614,16.5701961517334,382100,0.0,0
2018-07-23,16.638668240706142,16.844084688046753,16.46748852092111,16.67290496826172,314900,0.0,0
2018-07-24,16.809850775531384,16.96048979000726,16.008729500538774,16.15936851501465,397100,0.0,0
2018-07-25,16.193604767544873,16.638671875,16.193604767544873,16.638671875,259500,0.0,0
2018-07-26,16.80985163217489,17.289155474663737,16.433256688789296,16.638671875,368600,0.0,0
2018-07-27,16.707144699853007,16.74138143624082,15.782773713349277,15.851245880126953,477900,0.0,0
2018-07-30,15.919716481538847,16.638670897015665,15.851244321493954,16.467491149902344,411700,0.0,0
2018-07-31,16.53596330994724,16.672907630037024,16.399020295855276,16.467491149902344,290300,0.0,0
2018-08-01,16.467491022896056,16.604435341929655,15.95395178551679,16.227840423583984,360700,0.0,0
2018-08-02,16.12513116724278,16.604434967041016,16.056660315269706,16.604434967041016,418600,0.0,0
2018-08-03,16.67290861003372,16.775616203139073,16.39902125975348,16.638671875,322400,0.0,0
2018-08-06,16.67290931378585,16.981032106107563,16.57020171634528,16.878324508666992,426800,0.0,0
2018-08-07,16.98102919104444,17.083738076851358,16.67290645161689,16.707141876220703,342600,0.0,0
2018-08-08,16.67290371468266,16.686598404675234,16.344238990846012,16.5701961517334,325300,0.0,0
2018-08-09,16.63867050656901,17.357626211172484,16.570199654128697,17.289154052734375,322200,0.0,0
2018-08-10,17.3233883946778,18.213523786663778,17.282305624585437,17.871164321899414,451500,0.0,0
2018-08-13,17.905402624028916,18.07658238392594,17.734222864131894,18.042346954345703,360700,0.0,0
2018-08-14,18.213524720641956,19.20636643577229,18.213524720641956,19.137895584106445,441600,0.0,0
2018-08-15,19.035184666212817,19.035184666212817,18.110815207247406,18.350465774536133,426700,0.0,0
2018-08-16,18.418937763168096,18.53534002597092,18.008106170570038,18.110815048217773,335200,0.0,0
2018-08-17,18.145050531686138,18.199827990485286,17.836926509692415,18.008106231689453,421400,0.0,0
2018-08-20,18.042343472150726,18.453175077812148,18.0081067431803,18.31623077392578,942800,0.0,0
2018-08-21,18.45317840576172,18.69282902178628,18.04234672600861,18.45317840576172,628000,0.0,0
2018-08-22,18.521646677229576,19.06942260906122,18.487411252864103,18.555883407592773,501700,0.0,0
2018-08-23,18.624356432017134,19.13789565746616,18.45317669020079,19.035186767578125,594600,0.0,0
2018-08-24,20.301918017925072,20.301918017925072,17.597278760965857,18.179288864135742,1319300,0.0,0
2018-08-27,18.1450521350559,18.213524291104715,17.323388874465586,17.734220504760742,918000,0.0,0
2018-08-28,17.8369278378797,17.90539999297667,17.289153209099403,17.802692413330078,412700,0.0,0
2018-08-29,17.597278112706977,17.631513538927134,16.844086981883343,17.289154052734375,566300,0.0,0
2018-08-30,17.289154052734375,17.66574896514729,17.186446468076106,17.289154052734375,362200,0.0,0
2018-08-31,17.22068008672456,17.66574711085905,17.049500361596092,17.631511688232422,399800,0.0,0
2018-09-04,17.597274899442233,17.939634323120117,17.186443329829263,17.939634323120117,476000,0.0,0
2018-09-05,17.83693237150908,18.042348889010892,17.152213258499163,17.357629776000977,540400,0.0,0
2018-09-06,17.357624413877456,17.494567410576124,15.7485347341851,15.782770156860352,1008700,0.0,0
2018-09-07,15.782769949823066,15.885478828496813,15.2007599359926,15.371939659118652,600200,0.0,0
2018-09-10,15.474647149743316,15.953949588356267,15.3719395776118,15.680062294006348,513500,0.0,0
2018-09-11,15.57735448298247,15.851241773132088,15.324007923345562,15.748534202575684,453200,0.0,0
2018-09-12,15.919718213142671,15.919718213142671,15.33770674845184,15.714303016662598,315600,0.0,0
2018-09-13,15.81700918250491,15.81700918250491,15.029582592643823,15.406177520751953,454600,0.0,0
2018-09-14,15.406175283441947,15.953949882231928,15.289773017949367,15.782770156860352,593400,0.0,0
2018-09-17,15.78277295193753,16.090897034573192,15.474650175299756,16.05666160583496,695800,0.0,0
2018-09-18,16.056661158152487,16.43325608776462,15.89232744799673,15.919716835021973,501900,0.0,0
2018-09-19,15.919718046904629,16.214147449850064,15.769080324792107,15.851245880126953,343300,0.0,0
2018-09-20,15.885479544486016,16.09089469909668,15.577355506572317,16.09089469909668,379700,0.0,0
2018-09-21,16.056660571882635,16.22784031654664,15.440412446293976,15.543121337890625,708000,0.0,0
2018-09-24,15.577356866028664,15.851244198077955,15.269232801224575,15.611592292785645,295300,0.0,0
2018-09-25,15.714300188363552,15.8512431927036,15.426718181452397,15.440411567687988,268500,0.0,0
2018-09-26,15.577354721874832,15.885478744267015,15.495187880571036,15.680062294006348,430700,0.0,0
2018-09-27,15.748536611809199,15.851244198077955,15.508884706516886,15.611592292785645,284700,0.0,0
2018-09-28,15.645827160161685,16.022422033580092,15.474647434790109,15.782770156860352,625700,0.0,0
2018-10-01,15.83070281790041,16.036117982048815,15.618439001482928,15.721146583557129,317200,0.0,0
2018-10-02,15.714301773682262,15.885481525874889,14.646139179681809,14.652986526489258,639300,0.0,0
2018-10-03,14.550277118121238,14.906331271627653,14.317472579751483,14.831011772155762,606900,0.0,0
2018-10-04,14.851554863925804,15.09120676525382,14.481805992277241,15.015887260437012,463800,0.0,0
2018-10-05,15.063817066047859,15.207607420253932,14.474958344637612,14.741999626159668,831500,0.0,0
2018-10-08,14.762542924675635,14.878945219928559,14.201073490866708,14.461267471313477,754400,0.0,0
2018-10-09,14.51604172468911,15.145983187594435,14.420180187161586,14.673526763916016,998700,0.0,0
2018-10-10,14.680372771731752,15.104897734951113,14.611900624309976,14.714608192443848,858100,0.0,0
2018-10-11,14.395934128677137,15.019434359479483,13.599237994539356,13.62002182006836,866200,0.25,0
2018-10-12,13.862494179204369,14.07032714421928,13.516105023266338,13.72393798828125,788500,0.0,0
2018-10-15,13.807072705449173,13.92484507762083,13.60616635000406,13.85556697845459,811600,0.0,0
2018-10-16,13.924845548437673,13.924845548437673,13.439900159247205,13.536890029907227,673900,0.0,0
2018-10-17,13.536889093406064,13.613093810560704,13.121221834480666,13.571527481079102,463700,0.0,0
2018-10-18,13.613092202768108,13.696226173282453,12.941097783141544,13.225136756896973,435800,0.0,0
2018-10-19,13.252849151130489,13.42604373728487,12.490794029147077,12.670916557312012,1522000,0.0,0
2018-10-22,12.767901589053464,13.841707199156422,12.684767629174713,13.599234580993652,869500,0.0,0
2018-10-23,13.474539715919683,14.250450744068564,13.135077154563447,14.063400268554688,608900,0.0,0
2018-10-24,14.09110909555395,14.492920410157856,13.959480863816756,14.01490306854248,593200,0.0,0
2018-10-25,14.104968040634365,14.541417832473833,14.042617881604459,14.382079124450684,562400,0.0,0
2018-10-26,14.29201707594836,14.458285046207273,13.516106047799477,14.063400268554688,658300,0.0,0
2018-10-29,14.257375922004751,14.91551576911997,14.139603570037911,14.610692977905273,558200,0.0,0
2018-10-30,14.617620534147205,15.518231680994411,14.617620534147205,15.171842575073242,496000,0.0,0
2018-10-31,15.275761010794675,15.331183222028203,14.001048831053788,14.13267707824707,645000,0.0,0
2018-11-01,14.091110166922824,14.40978753798288,13.86249338987592,14.319726943969727,615600,0.0,0
2018-11-02,15.033288528572088,15.30347162278493,14.666115580989024,14.832382202148438,528400,0.0,0
2018-11-05,14.839307654569648,15.566724165321627,14.700751499488593,15.476663589477539,692300,0.0,0
2018-11-06,15.483595736273472,15.795345187854277,15.047144654142649,15.73299503326416,437200,0.0,0
2018-11-07,15.705283824237444,15.746850151487402,14.915516999639662,15.566727638244629,873600,0.0,0
2018-11-08,15.587510886965696,15.719139126661357,15.14413322235252,15.51130485534668,556200,0.0,0
2018-11-09,15.483592108858144,15.483592108858144,14.957080549762082,15.060997009277344,286000,0.0,0
2018-11-12,15.109493926176066,15.34503864723155,14.91551685333252,14.91551685333252,232600,0.0,0
2018-11-13,14.964013131319366,15.109495955491429,14.582984233086558,14.686902046203613,297900,0.0,0
2018-11-14,14.756177526541924,15.275761260876072,14.382077924933615,14.534488677978516,350900,0.0,0
2018-11-15,14.340512650305408,14.721540221610923,14.028761858240996,14.596839904785156,302700,0.0,0
2018-11-16,14.423645456680664,14.548345774740476,13.800145187751475,14.382079124450684,425200,0.0,0
2018-11-19,14.416717560532872,14.624551865087378,14.001050272793742,14.139606475830078,525100,0.0,0
2018-11-20,13.633878688955058,14.077256427987779,13.460684094474166,13.94562816619873,507500,0.0,0
2018-11-21,14.098038742557216,14.35436597492258,13.96641049488947,14.146533012390137,364600,0.0,0
2018-11-23,14.091110782769627,14.492922145484888,14.070326957995308,14.111894607543945,243100,0.0,0
2018-11-26,14.264307767359456,14.562202699250212,14.09804110519554,14.46521282196045,831300,0.0,0
2018-11-27,12.989594651155631,13.85556762789934,12.920316548742154,13.647734642028809,2175400,0.0,0
2018-11-28,13.654660995745699,14.382079074793062,12.961882627911947,14.368223190307617,1531200,0.0,0
2018-11-29,14.416714337409655,14.499848304919297,13.80707008736076,14.24351978302002,588100,0.0,0
2018-11-30,14.188097607945654,14.430570248868792,13.197424543359707,13.232064247131348,999300,0.0,0
2018-12-03,13.523031897196498,13.959481617814477,13.225137035191842,13.904059410095215,759000,0.0,0
2018-12-04,13.973337414574488,13.994121237855644,13.190498570159422,13.335981369018555,903300,0.0,0
2018-12-06,13.280561450736291,13.834783620065501,12.927244322275214,13.536890029907227,702600,0.0,0
2018-12-07,13.529960293426196,13.543814854794778,12.788686423364306,12.857964515686035,418900,0.0,0
2018-12-10,12.899531887242128,13.07272645364706,12.580853197944817,12.9410982131958,275200,0.0,0
2018-12-11,13.259775674714065,13.488392451127421,13.003448454592565,13.02423095703125,434600,0.0,0
2018-12-12,13.045015664874096,13.50917719042556,12.885676968987568,13.474538803100586,449700,0.0,0
2018-12-13,13.481464094113456,13.620020272490407,13.093508644575492,13.287487030029297,367700,0.0,0
2018-12-14,13.169715830532141,13.543815430787703,13.03115963999615,13.15585994720459,417200,0.0,0
2018-12-17,13.079652543396655,13.349836954569511,12.816397394533203,12.899531364440918,537300,0.0,0
2018-12-18,12.920314873481898,13.322126229736943,12.899532370411464,13.190499305725098,313300,0.0,0
2018-12-19,13.329053505902941,13.446825862445849,12.982664377408469,13.142003059387207,599100,0.0,0
2018-12-20,13.06579996736515,13.100438355955413,12.483866053733903,12.691699028015137,563100,0.0,0
2018-12-21,12.608565169120713,13.162787262136474,12.130547788038557,12.289886474609375,892200,0.0,0
2018-12-24,12.206752262737325,12.670913701885766,12.13747417961362,12.463079452514648,253200,0.0,0
2018-12-26,12.580853016571565,13.412187451878095,12.483864483621346,13.349837303161621,392000,0.0,0
2018-12-27,13.121219378136727,13.502246856689453,12.837180424007704,13.502246856689453,391000,0.0,0
2018-12-28,13.50917719042556,13.772432369656793,13.280560398519304,13.474538803100586,307200,0.0,0
2018-12-31,13.516105923214921,13.696228454860243,13.100438644138782,13.398333549499512,359400,0.0,0
2019-01-02,13.280559852801222,13.723937534916782,13.065798953197712,13.453754425048828,623600,0.0,0
2019-01-03,13.28748597008152,13.509174780704727,12.934168932637204,13.259774208068848,447600,0.0,0
2019-01-04,13.502249384363237,13.682371907276568,13.301344357394,13.571527481079102,405300,0.0,0
2019-01-07,13.550742095941224,14.132675927181305,13.342909151085326,13.779358863830566,666000,0.0,0
2019-01-08,14.014905077157941,14.285089520117063,13.516105163138436,14.042616844177246,664100,0.0,0
2019-01-09,14.229667545910425,14.361294477348611,13.890205001084068,14.167317390441895,748900,0.0,0
2019-01-10,13.548179746522223,13.584599028080955,12.528424580505828,13.307808876037598,1221200,1.0,0
2019-01-11,13.205829955215181,13.817683220020376,13.191263078857938,13.679288864135742,498800,0.0,0
2019-01-14,13.584598175819368,13.737562205243865,13.205831558422606,13.213115692138672,457100,0.0,0
2019-01-15,13.183980608762429,13.183980608762429,12.797929855828812,12.819782257080078,329500,0.0,0
2019-01-16,12.812498458254113,12.878054274415112,12.644967545534449,12.776079177856445,550300,0.0,0
2019-01-17,12.710522320682777,13.096571662783367,12.703238187338528,13.016448974609375,434200,0.0,0
2019-01-18,13.11114105231956,13.453487012979787,13.060153503849579,13.198549270629883,430700,0.0,0
2019-01-22,13.096570617919072,13.096570617919072,12.66681651003942,12.739656448364258,473600,0.0,0
2019-01-23,12.768794175009397,12.921756809438413,12.601261884383677,12.674101829528809,398100,0.0,0
2019-01-24,12.688670777573568,12.79064587266715,12.59397981631617,12.73237419128418,258900,0.0,0
2019-01-25,12.84891814732974,13.271388204189822,12.717806510837553,13.038301467895508,409100,0.0,0
2019-01-28,12.965461388783696,13.074722010997228,12.77607945937503,12.863486289978027,283800,0.0,0
2019-01-29,12.841634130251705,12.841634130251705,12.535707438749235,12.652252197265625,512700,0.0,0
2019-01-30,12.746940783787602,12.77607731530328,12.528422354645189,12.666816711425781,334400,0.0,0
2019-01-31,12.60126325759309,12.65953494219801,12.411881324607009,12.652252197265625,465100,0.0,0
2019-02-01,12.674101767490383,12.710522434537872,12.40459577787092,12.659533500671387,381800,0.0,0
2019-02-04,12.63768045418744,12.812495459938614,12.499284720311282,12.746939659118652,509000,0.0,0
2019-02-05,12.834349686048853,13.103855670674008,12.754225609335576,12.987312316894531,388900,0.0,0
2019-02-06,12.980028702158133,13.001881102854652,12.49200286772058,12.601262092590332,354900,0.0,0
2019-02-07,12.477434701541268,12.695954542355182,12.273484517282666,12.360891342163086,494200,0.0,0
2019-02-08,12.506570369249063,12.899903832563144,12.382742884828524,12.783360481262207,399700,0.0,0
2019-02-11,12.812497286225314,13.089287404124981,12.652250522105124,12.987312316894531,330400,0.0,0
2019-02-12,13.023731989376515,13.191264281164061,12.950893433032652,12.95817756652832,264600,0.0,0
2019-02-13,12.965459103310623,13.060151440629685,12.586693921953215,12.76150894165039,320100,0.0,0
2019-02-14,12.615830786405692,12.76879481784193,12.41188059689933,12.579411506652832,342000,0.0,0
2019-02-15,12.688671239465512,12.929042107583536,12.550275470153156,12.863486289978027,317200,0.0,0
2019-02-19,12.819780499715568,13.285953881386812,12.819780499715568,13.249534606933594,567300,0.0,0
2019-02-20,13.293240181583768,13.584598592633894,13.256820901192436,13.329659461975098,446300,0.0,0
2019-02-21,13.27867196566564,13.438920134350148,13.118425186287627,13.198549270629883,388600,0.0,0
2019-02-22,13.198550252150417,13.366081177955065,13.02373380252941,13.351512908935547,463000,0.0,0
2019-02-25,13.417067268269186,13.526326495397285,13.191264680296923,13.213115692138672,599400,0.0,0
2019-02-26,13.198549765090553,13.519043335853308,12.972745771540573,13.482624053955078,428200,0.0,0
2019-02-27,13.497191264168977,13.861389611821936,13.446202328480153,13.722993850708008,586200,0.0,0
2019-02-28,13.657438927821618,14.058056580648438,13.446203205537508,13.977933883666992,618500,0.0,0
2019-03-01,14.203737842481289,14.50966455927623,14.021638639372554,14.240157127380371,861400,0.0,0
2019-03-04,14.232870898752287,14.385833525063138,13.98521593198644,14.196450233459473,1102100,0.0,0
2019-03-05,14.247440558203676,14.298428110265574,13.926946976869855,14.028922080993652,369500,0.0,0
2019-03-06,14.152750968933105,14.305713640037839,14.028923449288294,14.152750968933105,515300,0.0,0
2019-03-07,13.846821481737694,14.014352389885145,13.591882357992272,13.897809028625488,1182900,0.0,0
2019-03-08,13.402497915013639,13.621017740872574,13.132991935885855,13.44620132446289,1843600,0.0,0
2019-03-11,13.43163549447468,14.050772965375478,13.43163549447468,13.875956535339355,638600,0.0,0
2019-03-12,13.810400981927524,13.832253383420882,13.519042575215092,13.672006607055664,405600,0.0,0
2019-03-13,13.650152830042575,13.803116846469031,13.526325346004521,13.693856239318848,463500,0.0,0
2019-03-14,13.59916678790953,13.59916678790953,13.132993332718144,13.169412612915039,690800,0.0,0
2019-03-15,12.695952935849524,13.01644782823833,12.433729715776296,12.834348678588867,1625500,0.0,0
2019-03-18,12.972743607611488,13.57002862267375,12.870768523861244,13.2641019821167,1100800,0.0,0
2019-03-19,13.256822141822468,13.599168133181255,13.147561511810412,13.54818058013916,597700,0.0,0
2019-03-20,13.548179435928086,13.752129630871854,13.176696937457862,13.358796119689941,741700,0.0,0
2019-03-21,13.300523460624131,13.438919217967404,12.9144727224798,13.089287757873535,564700,0.0,0
2019-03-22,13.04558390739739,13.220398936908994,12.688669715147903,12.827065467834473,514000,0.0,0
2019-03-25,12.754225609335576,13.220399024453485,12.754225609335576,12.987312316894531,388200,0.0,0
2019-03-26,13.038303150364703,13.271389916736654,13.009167999221567,13.111143112182617,315300,0.0,0
2019-03-27,13.125709694178473,13.52632734868947,13.038301473378082,13.453487396240234,441500,0.0,0
2019-03-28,13.50447808310035,13.868676503171363,13.46805740750922,13.540897369384766,269400,0.0,0
2019-03-29,13.599165554344449,13.701140641090896,13.460769801398298,13.635584831237793,415400,0.0,0
2019-04-01,13.708427236991838,13.970650523511564,13.58459972828048,13.934229850769043,310700,0.0,0
2019-04-02,13.890525655831382,13.90509392411353,13.540895552899045,13.562747955322266,407900,0.0,0
2019-04-03,13.65015457221705,13.744846925258651,13.468055389467132,13.511758804321289,253800,0.0,0
2019-04-04,13.548180444844567,13.934229850769043,13.526328041199053,13.934229850769043,535000,0.0,0
2019-04-05,13.934226297651705,14.050771031403183,13.650152069229753,13.737560272216797,599900,0.0,0
2019-04-08,13.744845566017133,13.934227474759153,13.577313278581698,13.664721488952637,423000,0.0,0
2019-04-09,13.63558749415077,13.701143316806363,13.242253947523837,13.293241500854492,672600,0.0,0
2019-04-10,13.285954255102006,13.628300168233249,13.285954255102006,13.613733291625977,604600,0.0,0
2019-04-11,13.62849825014426,13.776153189631257,13.244597942133417,13.39963436126709,629400,0.25,0
2019-04-12,13.495610890073106,13.731857673665667,13.42916630616996,13.598968505859375,616900,0.0,0
2019-04-15,13.62849995484344,13.72447609995757,13.37748877934519,13.480846405029297,416000,0.0,0
2019-04-16,13.554673232158269,13.628499299444,13.458697091659666,13.539907455444336,467400,0.0,0
2019-04-17,13.598967391477487,13.879510071968808,13.598967391477487,13.827831268310547,370900,0.0,0
2019-04-18,13.813067136933775,14.196968878558492,13.687562260626958,14.086228370666504,513500,0.0,0
2019-04-22,14.08622774220171,14.08622774220171,13.133857727050781,13.133857727050781,943900,0.0,0
2019-04-23,13.126476784001394,13.21506863623194,12.882847078154233,13.119093894958496,520600,0.0,0
2019-04-24,13.141239077911546,13.628498412629359,13.074794495164403,13.510375022888184,393800,0.0,0
2019-04-25,13.532522929773608,13.562054479628426,13.170769892902907,13.266744613647461,413500,0.0,0
2019-04-26,13.23721534205302,13.362721620902262,12.934523976853415,13.133857727050781,415900,0.0,0
2019-04-29,13.207684812915657,13.805686109810436,13.192920444016355,13.761388778686523,678000,0.0,0
2019-04-30,13.731858980531744,13.768772015927894,13.510376543728725,13.643265724182129,342500,0.0,0
2019-05-01,13.65064862097948,13.74662476609361,13.37748877934519,13.480846405029297,619100,0.0,0
2019-05-02,13.48822864481729,13.754005584952932,13.429166946104706,13.702326774597168,380500,0.0,0
2019-05-03,13.820451189840025,14.0345507435294,13.776155264578874,14.005019187927246,392300,0.0,0
2019-05-06,13.790921121192618,14.078846749248664,13.731859417792863,13.982872009277344,404200,0.0,0
2019-05-07,13.923810305877588,14.27079763733339,13.872131491420562,13.982872009277344,648200,0.0,0
2019-05-08,13.953339576721191,14.005018387930878,13.569437824674955,13.953339576721191,687500,0.0,0
2019-05-09,13.820448768108909,14.049314059495726,13.576819109650224,13.86474609375,568000,0.0,0
2019-05-10,13.84259803425847,13.990252976547318,13.606351253109828,13.813066482543945,494100,0.0,0
2019-05-13,13.562056510105355,13.562056510105355,13.074795721542026,13.244599342346191,440300,0.0,0
2019-05-14,13.288896424608344,13.554674803705995,13.192921681124268,13.495613098144531,542200,0.0,0
2019-05-15,13.384869207994889,13.717092133215797,13.259362926038316,13.687561988830566,513900,0.0,0
2019-05-16,13.754005395060046,14.108376990584935,13.754005395060046,13.768771171569824,746700,0.0,0
2019-05-17,13.635881378184939,13.849980903399144,13.473462068401048,13.488227844238281,357800,0.0,0
2019-05-20,13.384871226472864,13.436551451188924,13.13386003284842,13.318428039550781,374800,0.0,0
2019-05-21,13.288894279171208,13.532523951297003,13.141239335034765,13.421783447265625,355800,0.0,0
2019-05-22,13.237215310379694,13.28889411775716,12.624449693497679,12.639215469360352,648300,0.0,0
2019-05-23,12.535857591031114,12.705659804529715,12.144574351937992,12.240549087524414,847200,0.0,0
2019-05-24,11.81235082059617,11.989535913928078,11.325091461897932,11.539190292358398,1770300,0.0,0
2019-05-28,11.487511841392147,12.00430206511012,11.487511841392147,11.827116966247559,1064200,0.0,0
2019-05-29,11.635165401724073,11.738523017907026,11.302943185004244,11.568720817565918,978500,0.0,0
2019-05-30,11.613017116221474,11.76805424962124,11.206968118143447,11.273412704467773,473700,0.0,0
2019-05-31,11.088844471390143,11.192202088606368,10.933807341494841,11.110992431640625,586900,0.0,0
2019-06-03,11.162671851359358,11.317708989742307,10.970720974490753,11.229116439819336,705000,0.0,0
2019-06-04,11.362005331571481,11.804968070068695,11.362005331571481,11.738523483276367,653800,0.0,0
2019-06-05,11.812351931117467,11.87879652338137,11.494894747665953,11.576105117797852,516800,0.0,0
2019-06-06,11.52442497331715,11.590869561971742,11.125758145460601,11.546573638916016,863800,0.0,0
2019-06-07,11.524423609645693,11.716374464363195,11.428448182286942,11.435831069946289,772200,0.0,0
2019-06-10,11.531807800681463,11.878795815108788,11.531807800681463,11.81235122680664,488300,0.0,0
2019-06-11,11.915708353307148,12.277461425588923,11.893561096889899,11.982152938842773,574900,0.0,0
2019-06-12,11.923091888427734,12.063363955296394,11.797585598733042,11.923091888427734,303800,0.0,0
2019-06-13,11.96738679825867,12.358671411377808,11.96738679825867,12.277461051940918,339000,0.0,0
2019-06-14,12.262698173522947,12.410351726264649,12.151956248789089,12.26269817352295,295500,0.0,0
2019-06-17,12.25531414325539,12.395586202216405,12.181486669689491,12.329141616821289,342400,0.0,0
2019-06-18,12.380820845006655,12.79425273957302,12.380820845006655,12.676129341125488,480200,0.0,0
2019-06-19,12.676128658889674,12.77948627493301,12.491560682731201,12.749956130981445,336300,0.0,0
2019-06-20,12.84592940012591,12.890225315093648,12.668744332113205,12.75733757019043,292600,0.0,0
2019-06-21,12.698276392045516,12.96405330069304,12.609683150401805,12.912374496459961,666400,0.0,0
2019-06-24,12.904991905532132,12.904991905532132,12.454647023908022,12.462028503417969,421500,0.0,0
2019-06-25,12.454648668338816,12.506327480582799,12.233166233967717,12.395586967468262,514300,0.0,0
2019-06-26,12.380819851839924,12.617066629783706,12.299609493868548,12.358671188354492,367600,0.0,0
2019-06-27,12.41035002138135,12.698277014736254,12.358671214614073,12.69089412689209,344100,0.0,0
2019-06-28,12.68351097879358,12.971436558098633,12.68351097879358,12.779485702514648,872800,0.0,0
2019-07-01,12.927140658789344,13.281510819699374,12.831164526787559,12.949289321899414,817300,0.0,0
2019-07-02,12.949290386359142,12.978820531458162,12.594918788177152,12.742573738098145,423100,0.0,0
2019-07-03,12.742573136535238,12.742573136535238,12.225782244350858,12.277461051940918,356500,0.0,0
2019-07-05,12.284844705325655,12.535857279095797,12.203635748970832,12.513710021972656,634500,0.0,0
2019-07-08,12.484178015150341,12.801635165051202,12.454647870677343,12.668745994567871,630000,0.0,0
2019-07-09,12.617067870375145,12.838548894439414,12.521091727309821,12.594919204711914,907000,0.0,0
2019-07-10,12.624449419858697,12.690894001658627,12.27746073531643,12.565387725830078,711800,0.0,0
2019-07-11,13.014954142841624,13.059910404217922,12.67777860968493,12.969996452331543,965700,0.25,0
2019-07-12,13.112361562580274,14.723308554441909,13.089882713984755,14.670859336853027,1374300,0.0,0
2019-07-15,14.67085767574843,14.940598111817371,14.213797809994682,14.341175079345703,835300,0.0,0
2019-07-16,14.341178496150324,14.640890798359925,14.243772998326124,14.558469772338867,503800,0.0,0
2019-07-17,14.506016606404561,14.61091502619288,14.198812866338388,14.543479919433594,451700,0.0,0
2019-07-18,14.491034228595893,14.58094677335378,14.101409390287369,14.408613204956055,630800,0.0,0
2019-07-19,14.408610279540605,15.120424688500751,14.408610279540605,14.910626411437988,521300,0.0,0
2019-07-22,14.925614440113836,15.075470577861315,14.753280882098068,15.038005828857422,429000,0.0,0
2019-07-23,15.112932415314805,15.247802640231406,14.790742751154905,15.135411262512207,432500,0.0,0
2019-07-24,15.142905341882528,15.854719902970803,15.127920870352172,15.72734260559082,664300,0.0,0
2019-07-25,15.667397952595863,15.817254077256859,15.105439628818008,15.255295753479004,454700,0.0,0
2019-07-26,15.24031013796887,15.809761421459289,15.202846820675452,15.644919395446777,442700,0.0,0
2019-07-29,15.629934144249725,15.847223946124501,15.22532347787522,15.510049819946289,444800,0.0,0
2019-07-30,15.322732126785867,15.427630565194933,14.89564256511888,14.978063583374023,679200,0.0,0
2019-07-31,14.96307638465223,15.525034705851795,14.94059896644995,15.247802734375,642400,0.0,0
2019-08-01,15.240311014156074,15.330223552483053,13.981524044506104,14.34867000579834,567600,0.0,0
2019-08-02,14.26624822645084,14.813220609537538,14.18382722136272,14.723306655883789,491300,0.0,0
2019-08-05,14.453569089304967,15.075469590706541,14.378641025337581,14.880657196044922,1125000,0.0,0
2019-08-06,14.910629969598157,15.45011097388755,14.910629969598157,15.300254821777344,618800,0.0,0
2019-08-07,15.090452858958876,15.56249862398373,15.030510698383289,15.51754093170166,648600,0.0,0
2019-08-08,15.292760094083341,15.345209312486524,13.494493623408736,13.509479522705078,977700,0.0,0
2019-08-09,13.397087293188587,13.689306625714693,13.179797460422078,13.314667701721191,688900,0.0,0
2019-08-12,13.262216854908432,13.322159018232362,12.955013089231546,13.037432670593262,388900,0.0,0
2019-08-13,12.992478076311691,13.861640270856277,12.88757963428758,13.427059173583984,462200,0.0,0
2019-08-14,13.044926089695192,13.427057930579734,12.812650377087161,13.344636917114258,503600,0.0,0
2019-08-15,13.419564857174917,13.479507022104505,12.955013436254108,13.074897766113281,575400,0.0,0
2019-08-16,13.164809452055765,13.479506154975315,12.955012602865299,13.239737510681152,359000,0.0,0
2019-08-19,13.42705806107564,13.56942124140854,13.262217461676578,13.307173728942871,614900,0.0,0
2019-08-20,13.194782243104353,13.33714399319085,12.625330955356493,12.782678604125977,853700,0.0,0
2019-08-21,13.029941397281993,13.70429260782011,12.96999922624906,13.427059173583984,800700,0.0,0
2019-08-22,13.487000342604928,14.146364174979993,13.487000342604928,13.936567306518555,902500,0.0,0
2019-08-23,14.805730769622404,15.165383801483488,13.112362624858827,13.50198745727539,1721100,0.0,0
2019-08-26,13.63685669416127,14.093915185796833,13.434551342758281,14.063944816589355,2115900,0.0,0
2019-08-27,14.198814882051053,14.708322585592766,14.01898695240811,14.663366317749023,681300,0.0,0
2019-08-28,14.573453634035054,14.90313483371915,14.393625706218671,14.595931053161621,614600,0.0,0
2019-08-29,14.67834953219783,14.963074415313114,14.423595012452386,14.783247947692871,488600,0.0,0
2019-08-30,14.783249901630183,15.015527036832296,14.678351472270466,14.685844421386719,346900,0.0,0
2019-09-03,14.565961237074694,14.633396355280032,14.168843477547036,14.191322326660156,733000,0.0,0
2019-09-04,14.063944061214276,14.3261915660809,13.674319278505804,13.726768493652344,611100,0.0,0
2019-09-05,13.86163783009063,14.918119301728993,13.86163783009063,14.70082950592041,829500,0.0,0
2019-09-06,14.843191441963079,15.157888145957845,14.828206973493884,14.925612449645996,707600,0.0,0
2019-09-09,14.985556403881537,15.607456937477261,14.948093084525444,15.480079650878906,822500,0.0,0
2019-09-10,15.47258741742191,15.884691095085744,15.345210124927137,15.817255973815918,777400,0.0,0
2019-09-11,15.854717989768314,15.922153105486977,15.315238493152986,15.779789924621582,2148400,0.0,0
2019-09-12,15.779791443340878,16.47662008674372,15.442617261430353,15.997082710266113,1214800,0.0,0
2019-09-13,16.08699374914648,16.431662278102948,15.240310469353076,15.270280838012695,655800,0.0,0
2019-09-16,15.180368381157516,15.59996354849311,15.06048404763306,15.330223083496094,529100,0.0,0
2019-09-17,15.367688163074908,15.56999351619512,15.067977322786083,15.262789726257324,581900,0.0,0
2019-09-18,15.270282380484609,15.442617376937624,14.813223851035989,14.970571517944336,379500,0.0,0
2019-09-19,15.038001880856552,15.090451086558208,14.775754423214607,14.873161315917969,345800,0.0,0
2019-09-20,14.813222572536509,15.075470090550487,14.573453903198242,14.573453903198242,668800,0.0,0
2019-09-23,14.535988446770597,14.880656963992136,14.491032180744806,14.753279685974121,444800,0.0,0
2019-09-24,14.85817835840504,15.067976651832229,14.67085891292382,14.933106422424316,460000,0.0,0
2019-09-25,15.045498646913543,15.742327251809717,15.045498646913543,15.540021896362305,641000,0.0,0
2019-09-26,15.442616472091817,15.457600942490238,14.798237083536453,15.030512809753418,542100,0.0,0
2019-09-27,15.082961162390077,15.397657888820602,15.008034527300774,15.142903327941895,366100,0.0,0
2019-09-30,15.165381095914858,15.487570748735697,15.165381095914858,15.435121536254883,352000,0.0,0
2019-10-01,15.510049736291306,15.689876221776549,15.307744404195207,15.45010757446289,482300,0.0,0
2019-10-02,15.29275949645197,15.29275949645197,14.963076870486308,14.993048667907715,438100,0.0,0
2019-10-03,14.955584019624958,15.232817431062914,14.68584498672567,15.157889366149902,385900,0.0,0
2019-10-04,15.217832406771004,15.285267526154588,14.828209019274142,15.045498847961426,476800,0.0,0
2019-10-07,15.067975547598573,15.150395125759228,14.79823510855027,14.918119430541992,561300,0.0,0
2019-10-08,14.768263367578317,14.783249265165635,14.296219026648638,14.363654136657715,880500,0.0,0
2019-10-09,14.476047723363656,14.633396813817994,14.236279041846638,14.498526573181152,793700,0.0,0
2019-10-10,14.688297010284675,15.386655361896429,14.688297010284675,15.37147331237793,662800,0.25,0
2019-10-11,15.44738081454358,16.016694593105335,15.371472021167383,15.56883430480957,524900,0.0,0
2019-10-14,15.568835971230024,15.568835971230024,15.029884783627873,15.045066833496094,319800,0.0,0
2019-10-15,15.417017723735222,15.614380020251684,15.014703553925429,15.538471221923828,450300,0.0,0
2019-10-16,15.485334356174201,15.842105247669066,15.477743332116885,15.644742965698242,301500,0.0,0
2019-10-17,15.599196828245338,15.819332182485354,15.546061107660451,15.788968086242676,378100,0.0,0
2019-10-18,15.530881018566978,16.024287509869,15.29556503436323,16.001514434814453,602600,0.0,0
2019-10-21,16.13055868193609,16.36587466201856,15.9787410799113,16.153331756591797,486700,0.0,0
2019-10-22,16.168513306606542,16.570828962075133,16.001515092858845,16.54046630859375,548500,0.0,0
2019-10-23,16.563235965490975,16.89723380107605,16.38864674719145,16.71505355834961,427900,0.0,0
2019-10-24,16.715053744459965,16.715053744459965,16.274784457675675,16.479736328125,399800,0.0,0
2019-10-25,16.343100510632862,16.548052359514834,16.15332926133641,16.229236602783203,333500,0.0,0
2019-10-28,16.381056857354352,16.730236765978276,16.206467626962375,16.608781814575195,512100,0.0,0
2019-10-29,16.525282129333956,16.737825019846383,16.47214640670585,16.532873153686523,201700,0.0,0
2019-10-30,16.51010292981283,16.608783367745975,16.28237795129628,16.41901206970215,312900,0.0,0
2019-10-31,16.3962373058985,16.494917724965777,15.834514544820546,15.880059242248535,416500,0.0,0
2019-11-01,16.100195535154636,16.244422120829075,15.895243642484692,16.024288177490234,293100,0.0,0
2019-11-04,16.130560807956073,16.259605352333327,16.016698315350293,16.160924911499023,264100,0.0,0
2019-11-05,16.24442130388586,16.669508566356754,16.183694552104306,16.608781814575195,371600,0.0,0
2019-11-06,16.570828079355405,16.88964388704697,16.45696560114555,16.768190383911133,436600,0.0,0
2019-11-07,17.07941467762625,18.81012921951475,16.942779128550853,18.650720596313477,1192400,0.0,0
2019-11-08,18.483720615875267,18.52926531190019,17.754998240277637,17.86886215209961,694100,0.0,0
2019-11-11,17.792953925062694,17.99790578760162,17.686681033844177,17.82331657409668,309200,0.0,0
2019-11-12,17.792954282621594,17.967543499635,17.65631873962333,17.7549991607666,412200,0.0,0
2019-11-13,17.610773801022223,17.777771991386732,17.322320670218257,17.474138259887695,368900,0.0,0
2019-11-14,17.474138291242213,18.005496960359007,17.474138291242213,17.732227325439453,406400,0.0,0
2019-11-15,17.85368076058788,17.97513425301312,17.633545400667245,17.906816482543945,325700,0.0,0
2019-11-18,17.92199697359118,18.03585943186493,17.595590198123976,17.838497161865234,368900,0.0,0
2019-11-19,17.53486617943371,17.74740908178422,17.132550553378916,17.352685928344727,414200,0.0,0
2019-11-20,17.1705062458196,17.291959750567255,16.661919151748798,16.775781631469727,552200,0.0,0
2019-11-21,16.806143546478747,16.98073421875448,16.51010082262324,16.927597045898438,764800,0.0,0
2019-11-22,18.961944905398163,20.502888135321314,18.453357845105486,20.275161743164062,1810700,0.0,0
2019-11-25,20.411799624282967,21.61115412711295,20.13093892401319,21.580791473388672,1004400,0.0,0
2019-11-26,21.588381226908105,21.649107978619018,20.943158585079704,21.10256576538086,693800,0.0,0
2019-11-27,21.21642949331927,21.595972049923624,21.034247792050024,21.33788299560547,483900,0.0,0
2019-11-29,21.20883719832895,21.330290693341755,20.88243038754209,21.117746353149414,195300,0.0,0
2019-12-02,21.15570192200237,21.383426868000456,20.927975528164385,21.1329288482666,340200,0.0,0
2019-12-03,21.208838303559396,21.216429328373263,20.68506917412222,20.897613525390625,532700,0.0,0
2019-12-04,20.89001982903924,21.072200057753914,20.647112857419675,20.791337966918945,640200,0.0,0
2019-12-05,20.836886172631925,21.14811094180777,20.593977729126966,20.70025062561035,693500,0.0,0
2019-12-06,20.791338278990068,20.981109534396225,20.34347800040435,20.46493148803711,585500,0.0,0
2019-12-09,20.35106991247368,20.502887502559773,20.146118048049242,20.495296478271484,804400,0.0,0
2019-12-10,20.351070514178463,20.738204077288238,20.001892073632323,20.692659378051758,699600,0.0,0
2019-12-11,20.578797596043557,20.654704948036215,19.98671069475725,20.039846420288086,590400,0.0,0
2019-12-12,19.979118081351892,20.53324981474019,19.918391335882486,20.130935668945312,616500,0.0,0
2019-12-13,20.130933957211557,20.130933957211557,19.462938366007965,19.721027374267578,528000,0.0,0
2019-12-16,19.83489323313787,20.19166416048211,19.75139485579683,19.963937759399414,447500,0.0,0
2019-12-17,19.98671122019616,20.168891475879832,19.728622162684292,20.13852882385254,404900,0.0,0
2019-12-18,20.16888932251046,20.647113709481555,20.09298052878681,20.563613891601562,471800,0.0,0
2019-12-19,20.60915882397395,20.60915882397395,20.115753830897265,20.15370750427246,320400,0.0,0
2019-12-20,20.077802293794925,20.48770751165219,20.077802293794925,20.146120071411133,1207000,0.0,0
2019-12-23,20.267573352608473,20.41938950842488,20.07780207195798,20.13852882385254,256200,0.0,0
2019-12-24,20.14612159367158,20.35107349416658,20.14612159367158,20.2296199798584,119300,0.0,0
2019-12-26,20.328300104503032,20.518071385153522,19.971529170262524,20.13852882385254,236100,0.0,0
2019-12-27,20.30552607816986,20.480115300706192,20.19925462929381,20.2675724029541,337600,0.0,0
2019-12-30,20.358659708838903,20.905201841912543,20.31311501369602,20.518068313598633,499700,0.0,0
2019-12-31,20.442159745952,20.624339976349045,20.244797467728592,20.525659561157227,416700,0.0,0
2020-01-02,20.639522107508714,20.692657827275752,19.736210527949723,19.7741641998291,659300,0.0,0
2020-01-03,19.736212958605144,20.024664664796717,19.37185245146633,19.872848510742188,670100,0.0,0
2020-01-06,19.781759602906927,20.381437596663677,19.736214897001382,20.2296199798584,687800,0.0,0
2020-01-07,20.290343792209192,20.495297110798752,20.03225474980157,20.275161743164062,590200,0.0,0
2020-01-08,20.53325025681922,20.563614354127566,20.01707363313595,20.161298751831055,944600,0.0,0
2020-01-09,20.18519768534658,20.360443526071148,19.43641723980477,20.081642150878906,1060500,1.25,0
2020-01-10,20.1851992574798,20.822458290970758,20.057747450781605,20.702972412109375,664000,0.0,0
2020-01-13,20.71093536290502,20.87821526539665,20.30468221769585,20.695003509521484,657100,0.0,0
2020-01-14,20.774661889747115,20.95787365120165,20.25688879377572,20.4321346282959,420500,0.0,0
2020-01-15,20.360440809452705,20.384338587913252,19.484208684051758,19.524038314819336,427400,0.0,0
2020-01-16,19.69131777283603,20.12943458557129,19.68335184685775,20.12943458557129,826700,0.0,0
2020-01-17,20.24892570866928,20.384343446868048,19.938262111355517,20.21706199645996,390900,0.0,0
2020-01-21,20.27281959929658,20.368407678875368,19.978086395347525,20.065710067749023,662900,0.0,0
2020-01-22,20.209093471871434,20.5595851187186,20.073675761252492,20.16926383972168,367900,0.0,0
2020-01-23,20.121470324886587,20.503825687418384,19.747080888992343,20.352476119995117,424700,0.0,0
2020-01-24,20.43213525268249,20.535690786648452,20.073677645753648,20.28875160217285,406100,0.0,0
2020-01-27,20.033847208374606,20.280784863625765,19.930293197896763,19.93825912475586,330800,0.0,0
2020-01-28,20.065711718575862,20.416203398326914,20.03384800986472,20.28875160217285,405000,0.0,0
2020-01-29,20.35247718817873,20.59145044181229,20.201129132157234,20.360443115234375,369900,0.0,0
2020-01-30,20.2329894273315,20.424167100737968,20.001983641719757,20.121469497680664,319000,0.0,0
2020-01-31,20.17723222944323,20.17723222944323,19.356759939134133,19.44438362121582,380300,0.0,0
2020-02-03,19.539972521295546,19.93825976088648,19.46031476950831,19.675390243530273,358000,0.0,0
2020-02-04,20.033848221265877,20.105540047277206,19.62759504698346,19.755046844482422,386800,0.0,0
2020-02-05,19.9382571542986,20.519756083437418,19.85063348685342,20.38433837890625,593900,0.0,0
2020-02-06,20.838387217766225,21.308366258663806,20.806525030242664,21.00566864013672,587000,0.0,0
2020-02-07,20.949908292552042,20.973806074003356,20.001985751828713,20.25688934326172,473900,0.0,0
2020-02-10,20.320614374380604,20.64720977689196,20.248922552429804,20.62331199645996,593000,0.0,0
2020-02-11,20.710937043092265,20.846354769147837,20.3445135016156,20.679073333740234,601300,0.0,0
2020-02-12,20.862286565120893,21.324299714008344,20.790594738625835,21.196847915649414,676500,0.0,0
2020-02-13,21.10922317061427,21.260572743291934,20.981771378678932,21.188880920410156,558400,0.0,0
2020-02-14,21.27650289292799,21.27650289292799,20.36044257659689,20.416202545166016,301800,0.0,0
2020-02-18,20.36044105012918,20.376372902624535,19.52403854560887,19.778942108154297,370400,0.0,0
2020-02-19,19.850633851909038,20.03384559689548,19.50014069502775,19.866565704345703,282000,0.0,0
2020-02-20,19.866566974056948,20.424168170871987,19.72318333165317,20.368408203125,338900,0.0,0
2020-02-21,20.31264646125562,20.344510165382424,19.635557942011427,19.7152156829834,329500,0.0,0
2020-02-24,19.046093678407114,19.348792799586775,18.791190114894817,19.213375091552734,325200,0.0,0
2020-02-25,19.372691052159116,19.372691052159116,18.41680259064516,18.45663070678711,518700,0.0,0
2020-02-26,18.671705635326365,18.90271143702769,18.38493834557074,18.51239013671875,719300,0.0,0
2020-02-27,18.193758913807965,18.28934698832812,17.397184535863115,17.73971176147461,748000,0.0,0
2020-02-28,17.13431715889644,18.32917887274407,17.13431715889644,18.026479721069336,861800,0.0,0
2020-03-02,18.074274803587137,18.576116041564777,17.66802164934562,18.39290428161621,613700,0.0,0
2020-03-03,18.424767729179244,19.03813046590263,17.763610947320817,18.106138229370117,633900,0.0,0
2020-03-04,18.249518877168896,18.249518877168896,17.572430352046766,17.73971176147461,377300,0.0,0
2020-03-05,17.429048887336855,17.524638493083764,16.79975584059928,16.998899459838867,475000,0.0,0
2020-03-06,16.377568984800142,17.309561079132,16.281980909114605,17.237869262695312,917400,0.0,0
2020-03-09,16.481126450367334,16.481126450367334,15.644722333047369,16.00318145751953,740900,0.0,0
2020-03-10,16.497056803593647,16.497056803593647,14.736627926521887,15.095087051391602,656100,0.0,0
2020-03-11,14.664935386295241,14.848147143694977,13.764806933467497,13.804635047912598,682500,0.0,0
2020-03-12,11.048488856995323,12.267247699130428,11.048488856995323,11.629988670349121,1104700,0.0,0
2020-03-13,12.673499250950988,13.4143137251225,11.462706494114116,12.123863220214844,1289600,0.0,0
2020-03-16,10.546645771462789,12.315041302705936,10.546645771462789,11.51050090789795,1328300,0.0,0
2020-03-17,11.56626161376324,12.30707535074523,10.705960491376146,12.283178329467773,1084800,0.0,0
2020-03-18,11.653884331926081,12.466389878494464,10.761721036233942,11.375082969665527,1180800,0.0,0
2020-03-19,11.550328962816627,13.613456809446653,11.247630595389001,13.167375564575195,843000,0.0,0
2020-03-20,13.159410169524373,13.764806928825816,12.02030847237463,12.45842456817627,852600,0.0,0
2020-03-23,12.370801512788294,12.928403499156902,11.892857278617758,12.315041542053223,477800,0.0,0
2020-03-24,12.872643657007337,14.107333510702409,12.872643657007337,13.916155815124512,561300,0.0,0
2020-03-25,14.202921762203388,14.664934862244321,13.470073239447585,13.836498260498047,842300,0.0,0
2020-03-26,13.940052871399443,14.179024598599643,13.374485741331211,13.932086944580078,474300,0.0,0
2020-03-27,13.398383215217743,13.549732799794926,12.044206679926825,12.15572738647461,1418000,0.0,0
2020-03-30,12.155726255184309,12.649602321636637,11.693713136255594,11.916753768920898,652100,0.0,0
2020-03-31,11.845060974949794,11.892855772148991,10.857308923110002,10.921034812927246,896300,0.0,0
2020-04-01,10.355468370930149,10.482920167793976,9.638551633734808,9.981078147888184,596500,0.0,0
2020-04-02,9.861591401326681,10.586474001285616,9.367715352559852,10.53071403503418,1114200,0.0,0
2020-04-03,10.466988963232822,10.952899123597552,10.180221663624517,10.642234802246094,911900,0.0,0
2020-04-06,11.167975312573995,11.892858015749429,10.793585069514176,11.845063209533691,669100,0.0,0
2020-04-07,12.54604717269149,12.745190778607226,11.056453091602478,11.199836730957031,794000,0.0,0
2020-04-08,11.343219484240423,12.163691678434912,11.160007733482324,11.749472618103027,773900,0.0,0
2020-04-09,11.916753855837472,12.90450675561904,11.916753855837472,12.362835884094238,678300,0.0,0
2020-04-13,12.23538218210189,12.283176979074927,11.462705581805922,11.805232048034668,573300,0.0,0
2020-04-14,12.107931941425225,12.283178539695346,11.781336526244061,12.08403491973877,330100,0.0,0
2020-04-15,11.55829545272554,11.86895900205938,11.096282332463208,11.359151840209961,417800,0.0,0
2020-04-16,11.351186980307663,11.757440170345376,11.112214470892969,11.367118835449219,560500,0.0,0
2020-04-17,12.068102951129628,12.561979792453357,11.765405320176216,12.076068878173828,622100,0.0,0
2020-04-20,11.709644070762431,11.868958806211548,11.080350295983989,11.239665031433105,497100,0.0,0
2020-04-21,10.897138289421767,11.183904806632448,10.586473992689106,10.968830108642578,404800,0.0,0
2020-04-22,11.231699936094005,11.263562883387173,10.427159567350795,10.578508377075195,481600,0.0,0
2020-04-23,10.522749471296233,10.873241926896439,10.474954665696238,10.586475372314453,554800,0.0,0
2020-04-24,10.761721072185242,10.96086468598731,10.403262719276038,10.81748104095459,444000,0.0,0
2020-04-27,11.00865924881571,11.797268574140274,10.857310429420217,11.669816017150879,522800,0.0,0
2020-04-28,12.147760161484682,12.482321485722329,11.677781122214055,12.131828308105469,488200,0.0,0
2020-04-29,12.633671017761749,12.816883543749023,12.402664448245709,12.434527397155762,357400,0.0,0
2020-04-30,12.346903539178106,12.673498930602303,11.868958582179603,12.195554733276367,638900,0.0,0
2020-05-01,11.813199581698083,11.860994385175099,11.008659167488814,11.42287826538086,392600,0.0,0
2020-05-04,11.032556515052304,11.47067185793883,10.857309922094133,11.271528244018555,376800,0.0,0
2020-05-05,11.518466679123117,11.805233210173833,10.992727659027171,11.032556533813477,500700,0.0,0
2020-05-06,11.199835959756784,11.406944718296868,10.936965719150011,11.000692367553711,355200,0.0,0
2020-05-07,11.207802090961174,11.52643232172013,10.968830367482685,11.120179176330566,580200,0.0,0
2020-05-08,11.351185225211298,12.115896681296645,11.27949340750446,12.06810188293457,535300,0.0,0
2020-05-11,11.868959253096476,12.410630133690809,11.80523335651745,12.163692474365234,484200,0.0,0
2020-05-12,12.171657170695957,12.267246011865646,11.550329323256678,11.558295249938965,341200,0.0,0
2020-05-13,11.470671282685968,11.470671282685968,10.769686465352795,10.87324047088623,481600,0.0,0
2020-05-14,10.674096984462926,10.785617677375384,10.164289838971843,10.761720657348633,672100,0.0,0
2020-05-15,10.674097002815218,11.510500301915288,10.642234056167242,11.335253715515137,506600,0.0,0
2020-05-18,11.892856246481287,12.394698218561835,11.837095520912852,12.307074546813965,442600,0.0,0
2020-05-19,12.17165735756269,12.307075074550246,11.773370133404606,11.79726791381836,349300,0.0,0
2020-05-20,11.892855984962395,12.10793067702605,11.717609404992812,11.837095260620117,351300,0.0,0
2020-05-21,11.821165503085163,12.816883611368313,11.821165503085163,12.546048164367676,619600,0.0,0
2020-05-22,11.82913021082941,12.85671040258672,11.438808175268806,11.72557544708252,1275700,0.0,0
2020-05-26,12.203519750834081,12.530115138262387,11.669814833928903,11.85302734375,968800,0.0,0
2020-05-27,12.243348918797277,12.386732559536773,11.574226274909735,12.338937759399414,753300,0.0,0
2020-05-28,12.442492107271704,12.442492107271704,11.669814722189546,11.72557544708252,556800,0.0,0
2020-05-29,11.63795209360121,11.733540933586976,10.897138393793377,11.215767860412598,1229700,0.0,0
2020-06-01,11.207802007106661,11.56626110898764,11.064419126026845,11.327288627624512,463300,0.0,0
2020-06-02,11.4308434145135,11.821164704262868,11.064419145039736,11.781335830688477,541800,0.0,0
2020-06-03,12.107930608510904,12.530114823633912,11.940649955775744,12.482320785522461,648900,0.0,0
2020-06-04,12.402665477007302,13.47007549354128,12.402665477007302,13.462109565734863,1436600,0.0,0
2020-06-05,14.609177198254834,15.158814056764664,13.955986317964054,14.003780364990234,731400,0.0,0
2020-06-08,14.362237355123373,14.410031394958512,13.57362886079046,14.322407722473145,658400,0.0,0
2020-06-09,13.940051496223022,14.091401052170054,13.589558347472805,13.876325607299805,485000,0.0,0
2020-06-10,13.82853059672858,14.179022201454423,13.517865580675991,13.63735294342041,577900,0.0,0
2020-06-11,12.816883661611133,12.960267312861218,12.410630489517644,12.442493438720703,447500,0.0,0
2020-06-12,12.960266395599252,13.023992289495176,12.084034215021427,12.5540132522583,643400,0.0,0
2020-06-15,11.797268792772732,12.458425573360765,11.653885138297808,12.354870796203613,851600,0.0,0
2020-06-16,13.159409292329105,13.318723258781215,12.402663013810084,13.143477439880371,969500,0.0,0
2020-06-17,13.143478064419806,13.18330617808908,12.63367015692382,12.761122703552246,762700,0.0,0
2020-06-18,12.5062194018072,13.03195920588569,12.466390525179229,12.888575553894043,565400,0.0,0
2020-06-19,13.143478974288113,13.143478974288113,12.30707561489889,12.315041542053223,1190700,0.0,0
2020-06-22,12.307075778339975,12.944335525369622,12.092001060025144,12.888575553894043,388300,0.0,0
2020-06-23,12.968231924537971,13.063820002777735,12.633669852336025,12.952300071716309,550600,0.0,0
2020-06-24,12.673500010361046,12.808917734392208,12.43452751150178,12.442493438720703,656200,0.0,0
2020-06-25,12.291143262394186,12.307074355399845,11.677780608389067,12.06810188293457,596000,0.0,0
2020-06-26,12.076067458312647,12.466388721514427,11.645917324245422,11.805232048034668,766400,0.0,0
2020-06-29,12.012342475906353,12.506218536784218,11.837095886668214,12.346903800964355,381700,0.0,0
2020-06-30,12.267245448266166,12.641635628734448,12.235382502673495,12.490286827087402,586900,0.0,0
2020-07-01,12.554013220508658,12.745190901712933,12.06013716422799,12.338937759399414,700100,0.0,0
2020-07-02,12.633670114316926,13.023992160143587,12.458424287679929,12.785018920898438,710100,0.0,0
2020-07-06,13.135511627639035,13.46210700894672,12.936368028337027,13.39041519165039,630800,0.0,0
2020-07-07,13.159411929318368,13.231103760358783,12.792986846295653,12.91247272491455,1054100,0.0,0
2020-07-08,12.8487465813409,13.470075265619869,12.64960370725888,13.44617748260498,553300,0.0,0
2020-07-09,13.87632705026644,14.019710695090067,12.514184703459765,12.816883087158203,905100,0.0,0
2020-07-10,12.800952774116297,13.302795591399198,12.800952774116297,12.91247272491455,298300,0.0,0
2020-07-13,13.095684142050093,13.254998117506664,12.71332801806755,12.769088745117188,501300,0.0,0
2020-07-14,12.657568392627846,12.769089090067213,12.315041133092548,12.71332836151123,361200,0.0,0
2020-07-15,13.207204850134739,13.597526163974056,12.968233113284626,13.302794456481934,420100,0.0,0
2020-07-16,13.159409220862987,13.430244633640305,13.143477368500776,13.350586891174316,502500,0.0,0
2020-07-17,13.398381833856737,13.430245540733267,12.753156963058695,12.80095100402832,410200,0.0,0
2020-07-20,12.609774383983101,12.609774383983101,11.924720581502466,12.139795303344727,581900,0.0,0
2020-07-21,12.323007103863786,12.737225427864466,12.235383427109188,12.609773635864258,320400,0.0,0
2020-07-22,12.434526673247504,12.59384216819543,12.092000182323659,12.450458526611328,324700,0.0,0
2020-07-23,12.458424071414814,12.514184037133873,12.060136865598551,12.410629272460938,567600,0.0,0
2020-07-24,12.458424628014702,12.458424628014702,11.980479655813214,12.036239624023438,343600,0.0,0
2020-07-27,11.908787309504328,11.932684329160104,11.622020794617354,11.85302734375,359900,0.0,0
2020-07-28,11.908788469814976,12.546048213548806,11.908788469814976,12.442493438720703,451700,0.0,0
2020-07-29,12.5540122422777,13.135511167214085,12.49825151985033,13.119579315185547,386800,0.0,0
2020-07-30,12.968231924537971,13.055854076366904,12.769088322302503,12.952300071716309,627700,0.0,0
2020-07-31,12.952300500597568,13.02399232132383,12.689430997716324,12.769088745117188,832200,0.0,0
2020-08-03,12.824848291157897,12.912470443009544,11.964547990051454,12.51418399810791,688500,0.0,0
2020-08-04,12.522150643738135,13.804635242645185,12.51418471686771,13.724977493286133,1044300,0.0,0
2020-08-05,13.924119902108309,14.011743570755401,13.063819626034787,13.350586891174316,770000,0.0,0
2020-08-06,13.175343304579126,13.294829178841502,12.777056044140995,13.039925575256348,386000,0.0,0
2020-08-07,13.103651802494607,14.059540339745004,13.047890308394475,14.003780364990234,496400,0.0,0
2020-08-10,14.12326358942736,14.370202744594492,13.876325953605303,14.019709587097168,415000,0.0,0
2020-08-11,14.314442540711335,14.720695698809864,13.995813059657157,14.0675048828125,616100,0.0,0
2020-08-12,14.40206751820692,14.712731100368316,13.908190638468858,13.995814323425293,476700,0.0,0
2020-08-13,13.85242908911575,13.955984617625289,13.613457363754806,13.804635047912598,364500,0.0,0
2020-08-14,13.796669374801802,14.09936851979221,13.629389467842788,14.035642623901367,275300,0.0,0
2020-08-17,14.163092497480902,14.3064746043072,13.7010794350095,14.155126571655273,288600,0.0,0
2020-08-18,13.987848646195433,13.987848646195433,13.350589615135764,13.462109565734863,429900,0.0,0
2020-08-19,13.398381233215334,13.517867089955503,13.270929450113139,13.398381233215332,271200,0.0,0
2020-08-20,13.21517142288481,13.374486934798192,13.023993720195946,13.039925575256348,374600,0.0,0
2020-08-21,15.214570632664515,16.51298617545829,14.983563338177296,15.493371963500977,4236100,0.0,0
2020-08-24,15.453544524566,15.636756289332425,14.179025059588907,14.417998313903809,1431100,0.0,0
2020-08-25,14.410032282165536,14.911873529695058,14.155128694890529,14.744593620300293,652100,0.0,0
2020-08-26,14.880010035074518,15.445577129788086,14.880010035074518,15.357954978942871,575800,0.0,0
2020-08-27,15.174741712240856,15.580994838561702,15.150845452621748,15.357954978942871,464500,0.0,0
2020-08-28,15.493375224082689,15.493375224082689,14.943738372687703,15.11898422241211,449700,0.0,0
2020-08-31,15.02339454900289,15.174742599927718,14.728661335250257,14.927804946899414,497100,0.0,0
2020-09-01,14.848145288708357,15.389816085823467,14.696797257248832,15.230502128601074,505800,0.0,0
2020-09-02,15.397785696342517,16.09877061842872,15.270333892326844,16.01114845275879,634300,0.0,0
2020-09-03,16.162497694349057,16.49705753323081,15.708448942983855,15.987250328063965,775900,0.0,0
2020-09-04,16.25808629590451,16.481127714837807,15.875730880029169,16.38553810119629,634000,0.0,0
2020-09-08,16.289949692792405,16.60061327228264,16.098770469195745,16.457229614257812,403000,0.0,0
2020-09-09,16.40943388725153,16.616543425479723,16.21825620258209,16.5926456451416,351800,0.0,0
2020-09-10,16.728065328871768,16.92720896373929,16.305880275988294,16.353675842285156,423200,0.0,0
2020-09-11,16.58467834523529,16.704164198342724,16.178425229193973,16.536884307861328,245900,0.0,0
2020-09-14,16.783825182149307,17.524639741593752,16.783825182149307,17.500741958618164,477900,0.0,0
2020-09-15,17.644123884589906,17.835301571579098,16.91127532479207,16.9670352935791,371800,0.0,0
2020-09-16,17.126350538493305,17.636157696239394,17.00686467581471,17.4688777923584,353000,0.0,0
2020-09-17,17.269735405270378,17.460913102973024,17.046693998277984,17.301597595214844,299700,0.0,0
2020-09-18,17.301598457038715,17.381256214885703,17.08652448600082,17.17414665222168,716400,0.0,0
2020-09-21,16.887379590719945,16.94313956124776,16.106735445294813,16.24215316772461,296300,0.0,0
2020-09-22,16.194358960901667,16.54485215412636,16.058941239838393,16.417400360107422,264200,0.0,0
2020-09-23,16.568746711385288,16.92720579477743,16.027077402202274,16.03504180908203,300800,0.0,0
2020-09-24,16.011147515502437,16.473160657850386,15.732346140784047,16.22622299194336,418700,0.0,0
2020-09-25,16.1067330212175,16.409432129019507,16.09080268871083,16.178424835205078,303100,0.0,0
2020-09-28,16.425365670253168,16.99093279505266,16.38553603652739,16.56078338623047,507000,0.0,0
2020-09-29,16.48909283114506,16.48909283114506,15.740312372394927,16.154531478881836,349100,0.0,0
2020-09-30,16.353674628125486,16.72009815979126,16.090805110390615,16.24215316772461,608700,0.0,0
2020-10-01,16.17046033156735,16.982966615328,16.17046033156735,16.903308868408203,727100,0.0,0
2020-10-02,16.16249663852469,17.253802805712926,16.090804815063247,17.102453231811523,481000,0.0,0
2020-10-05,17.325494315690193,18.775259573953868,17.27770027402908,18.480527877807617,989700,0.0,0
2020-10-06,18.51239264107734,19.03813173052124,18.12207128796568,18.217660903930664,932200,0.0,0
2020-10-07,18.647807748974504,19.563868062410055,18.647807748974504,18.958471298217773,786800,0.0,0
2020-10-08,19.340829278348323,19.420485512342385,18.67967250851881,18.96643829345703,414800,0.0,0
2020-10-09,18.9744025521229,19.245237978052298,18.7035671261935,18.743396759033203,295300,0.0,0
2020-10-12,18.719501745383084,18.998303139077013,18.544255893028936,18.615947723388672,282300,0.0,0
2020-10-13,18.56814978212759,18.9425407415332,18.32121213099603,18.82305335998535,397600,0.0,0
2020-10-14,18.855326025528477,19.242598063866463,18.710098626431158,18.936006546020508,329200,0.3,0
2020-10-15,18.693963651563603,19.08123572604727,18.597144863501473,19.040895462036133,240200,0.0,0
2020-10-16,19.03282588506599,19.040894245129053,18.459984631647163,18.492258071899414,219600,0.0,0
2020-10-19,18.57294129511459,18.85532775945163,18.121122336622353,18.177600860595703,311100,0.0,0
2020-10-20,18.38737216408257,18.98441694891253,18.290553383812867,18.355098724365234,306700,0.0,0
2020-10-21,18.39543931853042,18.77464454767034,18.169531391943917,18.63748550415039,215200,0.0,0
2020-10-22,18.710102178641478,19.96066895028203,18.693965455926513,19.613737106323242,493400,0.0,0
2020-10-23,19.61373433661334,20.234984223467745,19.452371748897917,20.12203025817871,384200,0.0,0
2020-10-26,19.823507303873498,19.84771238479435,19.0812350833403,19.250667572021484,349200,0.0,0
2020-10-27,19.17805375420179,19.823507186099242,19.000552906268215,19.299076080322266,386100,0.0,0
2020-10-28,18.823056213253775,19.218396687595856,18.48419272969162,18.605215072631836,481000,0.0,0
2020-10-29,18.540667609831996,19.15384915499242,18.395440199283154,19.04896354675293,387200,0.0,0
2020-10-30,19.05702997831485,19.46043872728197,18.95214284180934,19.33134651184082,446100,0.0,0
2020-11-02,19.56532678742507,20.226916972778664,19.347485666233293,20.089757919311523,406800,0.0,0
2020-11-03,20.501234958189592,21.18703022146018,20.18657658869938,21.057939529418945,770200,0.0,0
2020-11-04,20.64646341741838,20.953053441827738,20.065555273803675,20.936918258666992,551300,0.0,0
2020-11-05,20.872373444943488,21.098281403815665,20.13816796196126,20.630327224731445,351600,0.0,0
2020-11-06,20.662598413560644,21.08214237946421,20.29146153197849,20.404417037963867,310500,0.0,0
2020-11-09,21.800211797615805,23.9786183819239,21.800211797615805,23.55907440185547,731600,0.0,0
2020-11-10,23.79305033482709,25.172709201791726,23.680096365664546,25.051685333251953,558300,0.0,0
2020-11-11,24.83384485367765,24.84191321387949,23.276686729016497,23.43804931640625,501000,0.0,0
2020-11-12,23.163732492157294,23.163732492157294,21.84862048496609,22.155210494995117,476200,0.0,0
2020-11-13,22.308507077477405,22.679643986094742,21.614644964737817,22.187484741210938,318400,0.0,0
2020-11-16,22.219758903919452,22.71998498704205,22.106803386051002,22.356916427612305,544600,0.0,0
2020-11-17,22.09066369056755,22.526345903246593,22.009983167226103,22.38918685913086,391500,0.0,0
2020-11-18,22.526347806428564,23.034642225282674,22.235892973436233,22.243961334228516,340900,0.0,0
2020-11-19,22.25202997643874,23.317028992369544,21.856689525911854,23.244415283203125,586000,0.0,0
2020-11-20,23.52680135467654,23.801119464839523,21.824415707291394,22.437597274780273,894900,0.0,0
2020-11-23,22.800664298591432,23.220209796700313,22.445664143354506,22.52634620666504,636000,0.0,0
2020-11-24,23.11532146221872,23.11532146221872,22.195549988943963,22.695775985717773,424700,0.0,0
2020-11-25,22.494075918909356,23.171802883506864,22.195554243361986,23.02657699584961,382000,0.0,0
2020-11-27,22.921688045710912,23.155665889934443,22.429528813987247,22.63123321533203,164300,0.0,0
2020-11-30,22.461801655873607,22.469870016377413,21.29191554382257,21.63884735107422,626700,0.0,0
2020-12-01,22.00998368486587,22.268165058948128,21.622710084860103,22.22782325744629,450800,0.0,0
2020-12-02,22.30043874269028,22.841006614938014,22.00191708214179,22.47793960571289,348300,0.0,0
2020-12-03,22.57475512948844,22.986232272853336,22.421460899929222,22.66350555419922,255100,0.0,0
2020-12-04,22.63930092973098,22.88941548825346,22.37305118911222,22.841005325317383,248800,0.0,0
2020-12-07,22.687712547549197,24.16418875636754,22.348849079678637,23.817256927490234,634800,0.0,0
2020-12-08,24.33361683970722,26.318387245888918,24.010890132061697,25.092025756835938,1395100,0.0,0
2020-12-09,25.414752054710554,26.608841623187423,25.414752054710554,26.060205459594727,631800,0.0,0
2020-12-10,25.745548523936453,26.221571013131587,25.41475344349677,25.73748016357422,578200,0.0,0
2020-12-11,25.624527075692317,26.24577545608153,25.57611845073993,26.148958206176758,432300,0.0,0
2020-12-14,26.50395510944121,27.028387744545732,25.898841950981232,25.906911849975586,593200,0.0,0
2020-12-15,26.237707736317716,26.78634392994205,25.955319740260173,26.512025833129883,404000,0.0,0
2020-12-16,26.56043087840693,27.02838651023955,26.22963582333249,26.358726501464844,423500,0.0,0
2020-12-17,26.46361683106476,26.721798218469104,25.753618015702806,26.197368621826172,714800,0.0,0
2020-12-18,26.008216769792213,26.50688664556775,25.61272070688739,25.8620548248291,1790400,2.0,0
2020-12-21,25.423568468707572,25.89644611148962,25.045266682460355,25.65570831298828,500000,0.0,0
2020-12-22,25.784673875225987,25.879249730032175,24.804530070478446,24.924898147583008,419400,0.0,0
2020-12-23,25.096854899445056,25.948032705257265,25.096854899445056,25.767478942871094,343700,0.0,0
2020-12-24,25.9222381170007,26.274746037631605,25.578328150518363,25.844858169555664,170900,0.0,0
2020-12-28,25.922237863580897,26.240355604399635,25.629913984955696,26.076997756958008,463800,0.0,0
2020-12-29,25.999618660647872,26.05980270117586,25.23441876269122,25.664306640625,278100,0.0,0
2020-12-30,25.59552425646842,26.2231601551319,24.91630063251516,24.985082626342773,399200,0.0,0
2020-12-31,24.95929154267028,25.46655938525891,24.391839657722347,25.105453491210938,390100,0.0,0
2021-01-04,25.363382578675473,25.561130591647004,24.452020816374173,24.649768829345703,342300,0.0,0
2021-01-05,24.64117324009487,26.317736634153885,24.434827253730887,25.91364097595215,519700,0.0,0
2021-01-06,26.524081559045257,28.02868744441631,26.515483604970992,27.899723052978516,813200,0.0,0
2021-01-07,28.011497620368747,28.467177752679902,27.942713980888485,28.114669799804688,364300,0.0,0
2021-01-08,28.18344711241954,28.37259882075549,27.693375213352855,28.226438522338867,372000,0.0,0
2021-01-11,27.934114095040503,29.223777652378246,27.934114095040503,28.845474243164062,369300,0.0,0
2021-01-12,28.828280110640595,29.69665546273203,28.785291978705743,29.180788040161133,485100,0.0,0
2021-01-13,28.74230174220627,29.120601867231038,28.346805709709834,28.44997787475586,354900,0.0,0
2021-01-14,28.596138501597263,29.09480998473086,28.50156592907775,28.845474243164062,350100,0.0,0
2021-01-15,28.39839458300505,28.940054273627418,27.813746756888577,28.36400604248047,314800,0.0,0
2021-01-19,28.750899796533506,28.81968343058412,27.581607535730818,27.71917152404785,271000,0.0,0
2021-01-20,27.81374629675522,28.37260188828677,27.77075816197228,28.114669799804688,262900,0.0,0
2021-01-21,28.372598969507273,29.129202527033684,28.235034984482844,28.768095016479492,310900,0.0,0
2021-01-22,28.57894677183318,29.069018676639832,28.286622891792007,29.0604190826416,302700,0.0,0
2021-01-25,29.1807841057236,30.530631601140538,29.137795979584826,29.696651458740234,440000,0.0,0
2021-01-26,29.95458958119258,30.203925355151995,28.647729946401398,29.653669357299805,546500,0.0,0
2021-01-27,29.27536184313092,31.562365067228058,28.768094050428203,31.098085403442383,1123000,0.0,0
2021-01-28,31.648346351326957,34.726341812662454,31.338826558389314,34.45121383666992,2118100,0.0,0
2021-01-29,34.262061310048495,36.42010021526273,33.25612528666116,33.80638122558594,1420800,0.0,0
2021-02-01,33.806379234808134,33.806379234808134,30.75417624847022,32.31037139892578,683500,0.0,0
2021-02-02,32.585499393298115,33.24752377681561,31.390408450070538,32.74885559082031,416800,0.0,0
2021-02-03,32.757454766343166,33.76339409943097,32.64568628027668,33.59143829345703,321500,0.0,0
2021-02-04,34.201878186380185,35.603313573159554,34.090109700648625,35.268001556396484,463600,0.0,0
2021-02-05,35.51733662550333,35.51733662550333,33.849369608434344,34.726341247558594,451300,0.0,0
2021-02-08,34.86390391997066,34.92408795648597,33.410884170154866,33.58283996582031,657600,0.0,0
2021-02-09,33.479667398838465,33.96114301213795,33.12715946332157,33.71180725097656,390600,0.0,0
2021-02-10,34.12449752700979,35.13043683612682,33.419481691122414,34.53718948364258,380700,0.0,0
2021-02-11,34.65755920135478,35.09604335960241,33.789183918859855,34.39962387084961,518900,0.0,0
2021-02-12,34.05571945641483,34.270663403218975,33.2647240266877,33.43667984008789,338600,0.0,0
2021-02-16,33.71181112501744,33.754799262623585,32.60269946394171,33.2733268737793,314100,0.0,0
2021-02-17,32.60269946394171,33.69461521401805,32.447942824516524,33.2733268737793,266200,0.0,0
2021-02-18,33.09276920732988,33.09276920732988,32.026645861714115,32.75745391845703,336300,0.0,0
2021-02-19,33.02398843203557,33.47107224276352,32.61129644054464,33.16155242919922,305600,0.0,0
2021-02-22,33.05838315612083,34.14169931900274,32.75745963103137,33.6688232421875,327000,0.0,0
2021-02-23,33.20453433807079,33.97833372690739,32.35335829013433,33.53125,343400,0.0,0
2021-02-24,33.789188508908886,34.73494386307349,33.14435665461755,33.89236068725586,595800,0.0,0
2021-02-25,33.918153491247736,34.55438570014821,32.72306574120827,32.90361785888672,447800,0.0,0
2021-02-26,32.671481613982195,33.29052126251501,31.605358139262854,33.049781799316406,525600,0.0,0
2021-03-01,33.531257196039775,34.262065335834535,32.99819710254495,33.471073150634766,340000,0.0,0
2021-03-02,33.41948232841574,33.58284181921633,32.07823426372824,32.14701461791992,417800,0.0,0
2021-03-03,32.2243943611166,33.2131377746283,31.433402254134574,32.56830596923828,421100,0.0,0
2021-03-04,32.47373163432557,32.886423615534625,30.951928108738475,31.79450798034668,674700,0.0,0
2021-03-05,32.04383901685434,32.49951906392503,31.244247396284063,32.293174743652344,436500,0.0,0
2021-03-08,32.69727233932512,34.16749143713988,32.31897217134655,33.918155670166016,624100,0.0,0
2021-03-09,34.107302923440905,34.4168227227006,33.668818727679174,33.84077453613281,436300,0.0,0
2021-03-10,33.90095597771771,34.79512348928758,33.514056258309196,34.35663604736328,439000,0.0,0
2021-03-11,34.588775229243055,34.96707534790039,34.382430902624115,34.96707534790039,339100,0.0,0
2021-03-12,34.786526826848345,35.25080652926,33.96114287575048,34.949886322021484,549700,0.0,0
2021-03-15,35.01006946938043,37.064932980062906,35.01006946938043,36.858585357666016,611300,0.0,0
2021-03-16,36.25674268082934,36.652242028038735,35.02726634597027,36.20515823364258,498900,0.0,0
2021-03-17,35.89563987292955,36.26534373160835,35.33678428754503,36.05039978027344,316300,0.0,0
2021-03-18,35.783867608039365,36.55766713412277,34.898299590242864,35.17342758178711,331300,0.0,0
2021-03-19,35.19921568314579,35.64629943698394,34.21047560427831,35.21641159057617,751900,0.0,0
2021-03-22,35.775267977898196,35.97301599850869,34.54578844471567,34.89829635620117,299000,0.0,0
2021-03-23,34.85530838175325,35.07884862524414,33.565644805238506,33.60003662109375,587700,0.0,0
2021-03-24,34.047119108808815,34.38243441342563,32.8606309101374,32.98099899291992,437000,0.0,0
2021-03-25,32.5511137183374,34.434021620919836,31.60535832962861,34.348045349121094,527100,0.0,0
2021-03-26,35.07884530321817,35.58611305979955,34.64036117183334,35.25080108642578,409800,0.0,0
2021-03-29,35.21641565167433,35.61191172882927,33.17015162824608,33.29051971435547,407000,0.0,0
2021-03-30,33.46247109780291,34.71774620352386,33.29051856915292,34.279258728027344,293200,0.0,0
2021-03-31,34.090107280477675,34.691947637180014,33.65161984369859,33.77198791503906,350100,0.0,0
2021-04-01,34.11590251774493,34.42542231700462,33.419482969410616,33.84077453613281,463600,0.0,0
2021-04-05,34.115901947021484,34.391029924030995,33.29911433036891,34.115901947021484,313500,0.0,0
2021-04-06,34.34803711550996,36.11917281636524,34.12449361476388,34.43401336669922,708900,0.0,0
2021-04-07,34.623167208307514,34.975675107760324,33.96113953767,34.82091522216797,608400,0.0,0
2021-04-08,35.01006857440104,35.54312860560519,34.18468138569745,35.39696502685547,429200,0.0,0
2021-04-09,35.6892902411478,36.96176124811664,35.353978220578206,36.91876983642578,685200,0.0,0
2021-04-12,37.14231363981786,37.89891723005091,36.42869818180372,37.58939743041992,622300,0.0,0
2021-04-13,37.5893956186402,37.82153545717448,35.83545235845946,36.445892333984375,644800,0.0,0
2021-04-14,36.20326451682489,37.72834409436912,36.125277455410505,37.173770904541016,416800,0.33,0
2021-04-15,37.347072086664255,37.477051622590984,36.44589231706532,36.62786102294922,356900,0.0,0
2021-04-16,36.80116779520656,37.62436054520235,36.65385742681178,37.13044357299805,337100,0.0,0
2021-04-19,37.16510334678372,37.581033233645115,36.49788145363618,36.991798400878906,334400,0.0,0
2021-04-20,36.84449502456964,36.8878204389929,34.80816749150429,35.34541320800781,361800,0.0,0
2021-04-21,35.458056339628705,36.74051100143798,35.30208551885857,36.68851852416992,236000,0.0,0
2021-04-22,37.13044431090683,37.797666251034414,36.47188943671906,36.8358268737793,334200,0.0,0
2021-04-23,36.89648480211086,38.29158155522987,36.26392123690814,37.892982482910156,269000,0.0,0
2021-04-26,38.12694461236442,38.516879934276105,36.237927546674086,36.67985534667969,295200,0.0,0
2021-04-27,36.54120981692984,38.23092739140718,36.49788440333138,37.56370544433594,266000,0.0,0
2021-04-28,37.58970075853286,38.11827936252214,37.182434626505,37.5377082824707,147700,0.0,0
2021-04-29,38.04029599860261,39.452723694314116,37.37307403244567,37.823665618896484,348200,0.0,0
2021-04-30,37.5897044187762,37.95364187009834,36.073291760566086,36.34191131591797,401900,0.0,0
2021-05-03,36.72318168961958,38.21359640539336,36.5152150774908,37.84965896606445,347400,0.0,0
2021-05-04,37.7716740663088,37.875655725579044,36.567209654416565,37.24309539794922,476700,0.0,0
2021-05-05,37.52038323037385,37.70235196631549,36.59320541712747,37.399070739746094,252800,0.0,0
2021-05-06,37.71968198476481,39.374738011773,37.433731592353475,39.26209259033203,518400,0.0,0
2021-05-07,38.99346336136941,39.989964302811146,38.74217135971654,39.868648529052734,311200,0.0,0
2021-05-10,40.27591631758446,40.48388291855709,38.256923072077335,38.44755554199219,353300,0.0,0
2021-05-11,37.56370672276032,37.8063349971001,35.81333615408765,37.355743408203125,386800,0.0,0
2021-05-12,37.095785040592745,37.572371184390846,35.25009339788394,35.57070541381836,435700,0.0,0
2021-05-13,35.726677975192366,37.34707211526412,35.726677975192366,36.71451187133789,480000,0.0,0
2021-05-14,37.00046853045334,39.41806429697386,36.48055364968144,39.2187614440918,593000,0.0,0
2021-05-17,39.21009692516955,40.024625925452106,38.8114978381494,39.426727294921875,400900,0.0,0
2021-05-18,39.77333972781389,39.85999055899609,37.68502296335675,37.80633544921875,654600,0.0,0
2021-05-19,37.19110128069476,37.19110128069476,35.614032411432405,36.454559326171875,539500,0.0,0
2021-05-20,36.480552628875294,36.70585006256062,33.96764234477134,34.54821014404297,910600,0.0,0
2021-05-21,35.024799330998285,35.87399335562037,34.045632363198884,34.938148498535156,1077900,0.0,0
2021-05-24,34.920815017161196,35.36274282348441,34.01963188375284,35.18943786621094,694200,0.0,0
2021-05-25,35.518716418640054,36.04729173735018,34.6261970590773,34.834163665771484,927100,0.0,0
2021-05-26,36.01263410742386,37.73701001152437,35.57937336491378,36.8358268737793,1628100,0.0,0
2021-05-27,36.82716538189431,37.433731119876036,36.28125588715902,37.25176239013672,670200,0.0,0
2021-05-28,37.260426545113184,37.33841361661435,35.94331339615873,36.497886657714844,507000,0.0,0
2021-06-01,37.104450141486986,37.555041715427954,36.67985646014071,37.381736755371094,672900,0.0,0
2021-06-02,37.12177981489599,37.19976687922313,36.31591458535453,36.86182403564453,596600,0.0,0
2021-06-03,36.896485500659615,36.991800085005586,35.51871624154184,35.57070541381836,648800,0.0,0
2021-06-04,35.52738306257002,35.787338862899986,33.90698871184644,34.210269927978516,1083300,0.0,0
2021-06-07,34.426900370531015,34.69552323778456,33.97630877329153,34.114952087402344,899100,0.0,0
2021-06-08,34.305583388691915,34.340245039057116,33.62969773415504,34.13227844238281,936900,0.0,0
2021-06-09,34.15827814719171,34.43556808615786,33.751015263667426,34.01097106933594,422700,0.0,0
2021-06-10,34.09762058450476,34.41823592776776,33.31775319764892,34.045631408691406,519000,0.0,0
2021-06-11,34.37490484521074,35.50138539134903,34.03696200357608,35.48405456542969,616800,0.0,0
2021-06-14,35.36274326339317,35.94331107613681,35.18077123795789,35.821998596191406,633000,0.0,0
2021-06-15,35.735347906055075,35.88265497354788,35.18077137265436,35.44939422607422,472500,0.0,0
2021-06-16,35.44939384854765,36.76650690350274,34.68685401557004,36.65385818481445,751800,0.0,0
2021-06-17,36.7665083146444,37.19110200785356,35.72668183076829,36.34191131591797,595200,0.0,0
2021-06-18,35.77000648139095,36.15994181770321,34.600203777971345,34.799503326416016,609800,0.0,0
2021-06-21,35.163444826743465,36.62786500382874,35.163444826743465,36.34191131591797,411000,0.0,0
2021-06-22,36.289919925086586,37.29508469352179,35.735346715676414,37.13911056518555,383800,0.0,0
2021-06-23,37.2430949969441,38.41290104682891,37.13911333879345,38.26559066772461,371800,0.0,0
2021-06-24,38.73351017671918,39.55670623021264,38.17893696757073,39.34873962402344,466300,0.0,0
2021-06-25,39.730006386746325,41.047119361764054,39.28808191027812,40.301910400390625,1637400,0.0,0
2021-06-28,41.601696678017326,41.896314126735234,39.27075498159911,39.74734115600586,1187700,0.0,0
2021-06-29,39.75600669386415,40.78716607197519,39.288084298210215,40.43189239501953,356500,0.0,0
2021-06-30,40.293245286797756,43.64668219479944,40.293245286797756,43.109439849853516,916300,0.0,0
2021-07-01,43.28274979948702,44.01062799529615,42.37290288110493,43.4473876953125,478900,0.0,0
2021-07-02,43.43872611062597,43.49071528795551,42.77150412225209,42.840824127197266,391200,0.0,0
2021-07-06,42.89281351550446,42.92747516823504,40.45788695221389,40.613861083984375,755600,0.0,0
2021-07-07,40.631190319169065,40.79583151043315,39.201431907954095,39.36606979370117,571800,0.0,0
2021-07-08,38.34357560260481,39.340076629738114,37.763007795948056,38.872154235839844,735100,0.0,0
2021-07-09,39.34874279714042,41.133778350361275,39.13211241325272,41.10778045654297,735300,0.0,0
2021-07-12,40.62252719562534,41.78366609068536,40.15460481130629,41.471717834472656,500300,0.0,0
2021-07-13,41.41106125545791,41.48038125320279,40.3279094333682,40.466552734375,321500,0.0,0
2021-07-14,40.70217697538595,41.14724982011855,39.646225055987095,40.04766082763672,458400,0.33,0
2021-07-15,39.654950971306604,39.93421093153091,38.86080483522347,39.305877685546875,550700,0.0,0
2021-07-16,39.75094694329584,40.02148148442518,37.01070652111068,37.15906524658203,673000,0.0,0
2021-07-19,36.01584557652066,37.89212337387707,35.67549768127674,36.42601013183594,612100,0.0,0
2021-07-20,36.42600783019077,38.0055713805194,35.823850826769245,37.75249099731445,558700,0.0,0
2021-07-21,38.19756508966994,39.35823873069417,38.16265676071124,38.41573715209961,333800,0.0,0
2021-07-22,38.415736440202316,38.4855497677845,37.09797534328389,37.48196029663086,251200,0.0,0
2021-07-23,37.70885587976575,38.29355869799409,37.089248064019095,37.700130462646484,434300,0.0,0
2021-07-26,37.79612742786168,38.50300274465042,37.447050813590735,38.162654876708984,241800,0.0,0
2021-07-27,37.78739918608013,38.110292894715265,36.77508098602722,37.185245513916016,332000,0.0,0
2021-07-28,37.604137344938344,38.197565629456335,36.635452841415116,37.001983642578125,252900,0.0,0
2021-07-29,37.61286224061914,37.8484884675868,36.766356901929555,36.80126190185547,286700,0.0,0
2021-07-30,36.766354844099816,38.372101267269095,36.53072863032026,36.722721099853516,343400,0.0,0
2021-08-02,36.72272117112691,37.63904311824276,36.52199995493005,36.88853073120117,324100,0.0,0
2021-08-03,37.00197996346898,37.848485229742124,35.527134816660194,37.60413360595703,493400,0.0,0
2021-08-04,36.984528216895754,37.33360151238987,35.3700529897207,35.4311408996582,420800,0.0,0
2021-08-05,35.50968239928977,37.31614674459909,35.44859449034048,36.713993072509766,361100,0.0,0
2021-08-06,37.28123991323514,37.6390419319381,36.92343789453218,37.60413360595703,294300,0.0,0
2021-08-09,37.656495418701844,37.656495418701844,36.68781102889038,37.30741882324219,288900,0.0,0
2021-08-10,37.3946890644324,39.820764590748006,37.23760491779896,39.53277587890625,491400,0.0,0
2021-08-11,39.846944070534896,39.88185239837359,38.54663715539515,39.40187454223633,256700,0.0,0
2021-08-12,40.06511681751027,40.84180881559982,38.93062277550166,39.89930725097656,743800,0.0,0
2021-08-13,39.646227523140375,40.283289547108545,39.227337561998624,39.48914337158203,440500,0.0,0
2021-08-16,38.93062151234944,39.166247728120425,38.302284936960135,38.79971694946289,473200,0.0,0
2021-08-17,38.232473421678364,38.546638395207296,36.094386543888845,37.036888122558594,729800,0.0,0
2021-08-18,36.84489774311115,38.40700712808694,36.69653901449119,37.55177307128906,482200,0.0,0
2021-08-19,36.766354966164975,37.90957438280341,36.45218668008253,37.56050109863281,763900,0.0,0
2021-08-20,38.17138668512092,38.83462831059092,34.53227484042011,36.42601013183594,1537700,0.0,0
2021-08-23,36.61799482616236,37.59540797379051,35.75403540184389,35.823848724365234,757500,0.0,0
2021-08-24,36.08565903345663,37.944486001322396,36.007116955123095,37.63031768798828,655000,0.0,0
2021-08-25,37.41214159077643,37.52559198705489,35.867483102522016,36.15547180175781,468500,0.0,0
2021-08-26,35.343871333813425,35.62313128543631,33.89520908637926,34.375186920166016,810200,0.0,0
2021-08-27,34.52354632997346,35.44859368976646,34.08720223073789,35.378780364990234,555100,0.0,0
2021-08-30,35.61440850145523,35.61440850145523,34.25301363986185,34.453731536865234,984300,0.0,0
2021-08-31,34.619539114670864,34.83771116352775,33.46759096302981,33.79921340942383,509800,0.0,0
2021-09-01,34.25301551818848,34.34028301591752,33.441415138950106,33.5984992980957,558100,0.0,0
2021-09-02,33.65085937524005,34.968617138857724,33.65085937524005,34.7940788269043,838900,0.0,0
2021-09-03,34.49736469529588,35.39623583669157,34.08720349060293,34.7940788269043,594400,0.0,0
2021-09-07,34.77662714436469,34.794081309709654,34.00866384343619,34.270469665527344,453900,0.0,0
2021-09-08,34.36646079842292,34.61081241882202,33.73812425563534,34.113380432128906,706700,0.0,0
2021-09-09,34.30537554722886,35.43114083475898,33.97375308743168,35.02970504760742,693500,0.0,0
2021-09-10,35.19551851829503,35.413690579541964,33.98247906136726,34.01738739013672,454300,0.0,0
2021-09-13,34.497362025476235,34.59335825607335,33.2581464316909,34.113380432128906,559600,0.0,0
2021-09-14,34.29664422626536,34.375186294294345,33.71194475352599,34.27919006347656,462700,0.0,0
2021-09-15,34.40136835853493,35.03843369469275,34.1221083918275,34.663177490234375,369000,0.0,0
2021-09-16,34.76790051517341,35.980936667541734,34.698083856225416,35.62313461303711,379800,0.0,0
2021-09-17,35.71912889587088,36.21656091195271,35.55331933352406,35.9111213684082,819400,0.0,0
2021-09-20,35.14315483351346,35.76276266747525,34.610814489474805,35.40496063232422,560200,0.0,0
2021-09-21,35.79767356945672,36.36491895283337,35.05588653559891,35.91984939575195,614300,0.0,0
2021-09-22,36.4609146505332,37.61286289414024,36.19038341893916,37.09797668457031,359700,0.0,0
2021-09-23,37.42959656878672,38.49427724386657,37.28996658918947,37.52559280395508,359200,0.0,0
2021-09-24,37.150338418748895,38.01430124829626,36.556910144301334,37.37723922729492,326500,0.0,0
2021-09-27,37.75248914461479,38.790990207822006,37.61285916918876,38.44191360473633,335100,0.0,0
2021-09-28,38.2150166797202,38.756082425964195,37.76994383808366,38.136474609375,286200,0.0,0
2021-09-29,38.18010959235963,39.07897739289795,37.64776924596811,38.09284210205078,428800,0.0,0
2021-09-30,37.83976353771463,37.83976353771463,34.48864048159492,34.54972839355469,704800,0.0,0
2021-10-01,34.71553806464118,35.7889442295056,33.96502562521365,35.35260009765625,494900,0.0,0
2021-10-04,35.23915184029235,37.5866819925792,34.924983543234184,36.74017333984375,564500,0.0,0
2021-10-05,36.82744336491763,37.27251289010497,35.649312276407564,36.111839294433594,450300,0.0,0
2021-10-06,35.745309129372096,36.0769315891592,34.89880380936801,35.26533126831055,533400,0.0,0
2021-10-07,35.91112214744399,37.193971587201695,35.81512590909284,36.775081634521484,480500,0.0,0
2021-10-08,36.69653626072734,36.9496166247078,36.007111819142416,36.234012603759766,276400,0.0,0
2021-10-11,36.652904285970436,36.905984662152996,34.89880247420573,34.94243621826172,311300,0.0,0
2021-10-12,35.40495869443755,35.88493652082598,35.22169497820508,35.69294738769531,228100,0.0,0
2021-10-13,35.710396883169004,35.727851045352416,34.732987104185106,35.06460952758789,374100,0.0,0
2021-10-14,35.460574400976284,36.34048941517723,35.02061689387581,36.33169174194336,332700,0.33,0
2021-10-15,37.15001359833105,37.97713251720799,36.868441057581045,37.22920608520508,413500,0.0,0
2021-10-18,37.167609467323196,37.81874465942383,35.82133729313067,37.81874465942383,387300,0.0,0
2021-10-19,38.12671703225168,38.161911079817266,37.36998962553974,37.431583404541016,311100,0.0,0
2021-10-20,37.43158421127757,38.346696599889626,36.98282568990024,37.46678161621094,345700,0.0,0
2021-10-21,37.76594831999872,38.64586327645657,37.58996801399449,37.994728088378906,249400,0.0,0
2021-10-22,38.04752797150922,38.232309325124284,37.22920671223164,37.30839920043945,210300,0.0,0
2021-10-25,37.387588207796774,38.13551458276324,37.14120973597211,37.81874465942383,265600,0.0,0
2021-10-26,38.02112595012978,38.320297181291714,37.0356221002002,37.158809661865234,272800,0.0,0
2021-10-27,37.23800244541187,37.23800244541187,35.909332275390625,35.909332275390625,248800,0.0,0
2021-10-28,36.19970175863747,36.894835398778845,36.17330538333895,36.56046676635742,267100,0.0,0
2021-10-29,36.454880035445434,36.8332437676424,35.81254246503439,36.62206268310547,318500,0.0,0
2021-11-01,37.088419454410875,38.76025597929119,37.0532220480068,38.13551712036133,495900,0.0,0
2021-11-02,38.25870302858471,39.23540919602006,37.510776636254384,39.01543045043945,389200,0.0,0
2021-11-03,38.83944923056631,41.45279796688893,38.83944923056631,40.96884536743164,554300,0.0,0
2021-11-04,41.11842615731218,41.989543454774584,40.60807721999998,41.866355895996094,376100,0.0,0
2021-11-05,42.62308120727539,43.97815110700095,42.20072241189522,42.62308120727539,358100,0.0,0
2021-11-08,42.76386873450774,43.20382624558954,42.03354101154884,42.78146743774414,287800,0.0,0
2021-11-09,42.772670273705955,43.740575466966575,42.29751535049388,43.467803955078125,213400,0.0,0
2021-11-10,43.29181965976164,43.71417846661183,42.39430593647647,42.570289611816406,256800,0.0,0
2021-11-11,42.878256944886736,43.071839316282436,42.26231578221713,42.84305953979492,228500,0.0,0
2021-11-12,43.51179885864258,43.74057528929161,42.737472693213725,43.51179885864258,291800,0.0,0
2021-11-15,44.039744501614486,44.629289289326394,43.62618673952779,44.47970199584961,544600,0.0,0
2021-11-16,44.44450672935489,45.72918522536213,44.20693262485225,45.70278549194336,334400,0.0,0
2021-11-17,45.755579530740484,46.3187245879075,44.75247697808559,45.386016845703125,809000,0.0,0
2021-11-18,46.05475298162539,47.58580661662313,45.693987952201994,47.295433044433594,818100,0.0,0
2021-11-19,50.155155011077426,50.24314516845312,43.925355198529004,44.215728759765625,932400,0.0,0
2021-11-22,44.52369683898321,46.160339245958205,44.04854529873989,45.949161529541016,546000,0.0,0
2021-11-23,44.541296073507844,46.23073460807247,44.53249840047257,45.465206146240234,457200,0.0,0
2021-11-24,44.708481246972966,45.14843873603608,43.85496264407556,44.488502502441406,302800,0.0,0
2021-11-26,42.88705850010829,43.88136003156902,41.945546363713696,42.71107482910156,408300,0.0,0
2021-11-29,43.705375824888655,44.03974446004232,41.86635672306672,42.84305953979492,403200,0.0,0
2021-11-30,42.438298625837724,42.79906362949039,40.5816775009633,41.39120101928711,725900,0.0,0
2021-12-01,42.288714613502364,42.939849810783954,39.701762456719365,39.75455856323242,441300,0.0,0
2021-12-02,40.414497159411106,41.68157358053031,40.3529033765059,40.93364715576172,709300,0.0,0
2021-12-03,41.048035756452606,41.64637822008081,40.59047955740695,41.25041580200195,534100,0.0,0
2021-12-06,43.68777930885056,43.705374654315904,41.54958567762529,42.29751205444336,1034200,0.0,0
2021-12-07,43.045440028015854,44.77007597259596,42.81666360577864,44.25972366333008,750100,0.0,0
2021-12-08,44.655688031716814,45.21883311712824,44.00454942882893,44.02214813232422,537500,0.0,0
2021-12-09,43.854963095209776,45.26282573205066,43.73177553406236,44.611690521240234,756500,0.0,0
2021-12-10,45.00765165677856,45.35961562767431,43.28301577993535,44.453304290771484,648000,0.0,0
2021-12-13,44.47970163072808,44.752476483294075,41.80475928215012,41.8575553894043,806800,0.0,0
2021-12-14,41.70797160705556,42.73747052772618,41.45279545596977,42.28871536254883,1120500,0.0,0
2021-12-15,42.385504246727336,43.24782390680769,41.012838984985905,42.966251373291016,884700,0.0,0
2021-12-16,43.85496526728218,44.11893910518793,41.15362639138147,41.400001525878906,1058100,0.0,0
2021-12-17,40.58000183105469,41.88999938964844,40.0099983215332,41.86000061035156,1932100,5.65,0
2021-12-20,41.25,41.43000030517578,38.15999984741211,38.65999984741211,1227300,0.0,0
2021-12-21,39.0,40.599998474121094,39.0,40.4900016784668,841500,0.0,0
2021-12-22,40.619998931884766,41.45000076293945,40.33000183105469,41.08000183105469,403000,0.0,0
2021-12-23,41.22999954223633,41.38999938964844,40.15999984741211,40.869998931884766,447700,0.0,0
2021-12-27,41.04999923706055,42.279998779296875,41.0,41.970001220703125,518700,0.0,0
2021-12-28,41.849998474121094,42.380001068115234,41.25,41.349998474121094,463200,0.0,0
2021-12-29,41.58000183105469,42.619998931884766,41.439998626708984,42.560001373291016,591800,0.0,0
2021-12-30,42.540000915527344,43.470001220703125,42.400001525878906,42.689998626708984,550900,0.0,0
2021-12-31,42.70000076293945,42.86000061035156,41.7400016784668,42.310001373291016,501800,0.0,0
2022-01-03,42.220001220703125,43.0,41.22999954223633,41.52000045776367,547900,0.0,0
2022-01-04,41.79999923706055,41.97999954223633,40.869998931884766,41.63999938964844,583900,0.0,0
2022-01-05,41.560001373291016,41.880001068115234,40.33000183105469,40.38999938964844,404300,0.0,0
2022-01-06,40.38999938964844,41.099998474121094,39.279998779296875,41.04999923706055,571500,0.0,0
2022-01-07,40.84000015258789,41.459999084472656,39.52000045776367,39.720001220703125,521700,0.0,0
2022-01-10,39.400001525878906,39.400001525878906,37.22999954223633,38.130001068115234,897200,0.0,0
2022-01-11,38.349998474121094,38.95000076293945,37.77000045776367,38.849998474121094,540400,0.0,0
2022-01-12,38.849998474121094,39.33000183105469,37.54999923706055,38.060001373291016,411700,0.0,0
2022-01-13,38.45000076293945,38.88999938964844,37.560001373291016,37.630001068115234,467900,0.0,0
2022-01-14,36.790000915527344,37.130001068115234,35.119998931884766,36.290000915527344,794000,0.0,0
2022-01-18,35.63999938964844,36.86000061035156,35.11000061035156,36.369998931884766,1017000,0.0,0
2022-01-19,36.4900016784668,37.45000076293945,35.9900016784668,36.119998931884766,954200,0.0,0
2022-01-20,36.439998626708984,36.83000183105469,33.41999816894531,33.56999969482422,805600,0.0,0
2022-01-21,33.189998626708984,34.29999923706055,32.2599983215332,33.349998474121094,1469600,0.0,0
2022-01-24,32.5099983215332,38.2599983215332,32.5,38.150001525878906,1997300,0.0,0
2022-01-25,37.02000045776367,39.20000076293945,36.79999923706055,38.11000061035156,1578600,0.0,0
2022-01-26,39.0,39.459999084472656,36.790000915527344,37.150001525878906,909600,0.0,0
2022-01-27,37.7599983215332,38.81999969482422,36.20000076293945,36.849998474121094,419000,0.0,0
2022-01-28,36.7599983215332,36.84000015258789,35.279998779296875,36.52000045776367,931700,0.0,0
2022-01-31,36.41999816894531,37.70000076293945,36.119998931884766,37.63999938964844,554400,0.0,0
2022-02-01,37.45000076293945,38.290000915527344,36.81999969482422,37.77000045776367,758900,0.0,0
2022-02-02,38.20000076293945,38.209999084472656,36.75,37.36000061035156,742900,0.0,0
2022-02-03,37.470001220703125,38.41999816894531,36.31999969482422,36.560001373291016,661500,0.0,0
2022-02-04,36.5,37.130001068115234,35.27000045776367,36.7400016784668,422800,0.0,0
2022-02-07,36.560001373291016,37.540000915527344,36.060001373291016,37.2400016784668,381300,0.0,0
2022-02-08,37.400001525878906,38.709999084472656,37.220001220703125,38.619998931884766,337100,0.0,0
2022-02-09,38.779998779296875,39.349998474121094,38.45000076293945,39.33000183105469,320700,0.0,0
2022-02-10,38.400001525878906,40.06999969482422,38.09000015258789,39.099998474121094,541700,0.0,0
2022-02-11,38.84000015258789,39.029998779296875,37.5,37.779998779296875,500300,0.0,0
2022-02-14,37.79999923706055,38.060001373291016,36.650001525878906,36.880001068115234,397500,0.0,0
2022-02-15,37.54999923706055,38.59000015258789,37.41999816894531,38.40999984741211,320500,0.0,0
2022-02-16,38.27000045776367,39.22999954223633,38.02000045776367,38.66999816894531,548700,0.0,0
2022-02-17,38.22999954223633,38.540000915527344,37.0,37.130001068115234,267400,0.0,0
2022-02-18,36.91999816894531,37.83000183105469,36.90999984741211,37.15999984741211,408900,0.0,0
2022-02-22,37.09000015258789,38.099998474121094,36.11000061035156,36.2400016784668,474500,0.0,0
2022-02-23,36.52000045776367,36.52000045776367,34.9900016784668,35.189998626708984,646000,0.0,0
2022-02-24,34.38999938964844,36.7400016784668,33.84000015258789,36.459999084472656,652600,0.0,0
2022-02-25,36.31999969482422,36.790000915527344,35.66999816894531,36.689998626708984,475300,0.0,0
2022-02-28,36.15999984741211,36.540000915527344,35.619998931884766,36.0,803900,0.0,0
2022-03-01,35.959999084472656,36.18000030517578,34.130001068115234,34.83000183105469,551900,0.0,0
2022-03-02,35.31999969482422,37.060001373291016,35.22999954223633,36.439998626708984,753000,0.0,0
2022-03-03,36.400001525878906,36.900001525878906,35.5,36.720001220703125,469000,0.0,0
2022-03-04,36.4900016784668,36.5,35.06999969482422,35.779998779296875,925800,0.0,0
2022-03-07,35.88999938964844,36.29999923706055,34.34000015258789,34.54999923706055,578100,0.0,0
2022-03-08,34.97999954223633,36.34000015258789,34.810001373291016,35.02000045776367,1070200,0.0,0
2022-03-09,35.90999984741211,36.70000076293945,35.560001373291016,35.63999938964844,753500,0.0,0
2022-03-10,35.08000183105469,36.22999954223633,34.9900016784668,35.709999084472656,757800,0.0,0
2022-03-11,36.75,37.5,35.540000915527344,36.189998626708984,842500,0.0,0
2022-03-14,36.970001220703125,37.4900016784668,35.689998626708984,35.77000045776367,788200,0.0,0
2022-03-15,35.77000045776367,36.439998626708984,35.41999816894531,36.099998474121094,720900,0.0,0
2022-03-16,36.630001068115234,38.20000076293945,36.630001068115234,37.900001525878906,747400,0.0,0
2022-03-17,37.77000045776367,38.97999954223633,37.18000030517578,38.849998474121094,614000,0.0,0
2022-03-18,38.72999954223633,39.27000045776367,37.959999084472656,38.34000015258789,1694700,0.0,0
2022-03-21,38.41999816894531,38.5099983215332,36.9900016784668,37.29999923706055,466800,0.0,0
2022-03-22,37.72999954223633,38.599998474121094,37.06999969482422,37.40999984741211,692700,0.0,0
2022-03-23,37.2400016784668,37.290000915527344,36.29999923706055,36.5099983215332,749500,0.0,0
2022-03-24,36.56999969482422,36.599998474121094,35.70000076293945,35.79999923706055,557100,0.0,0
2022-03-25,36.0,36.099998474121094,35.400001525878906,35.54999923706055,522200,0.0,0
2022-03-28,35.400001525878906,35.5,34.09000015258789,34.959999084472656,623400,0.0,0
2022-03-29,35.34000015258789,36.849998474121094,35.34000015258789,36.56999969482422,682000,0.0,0
2022-03-30,36.34000015258789,36.40999984741211,34.4900016784668,34.630001068115234,501700,0.0,0
2022-03-31,34.36000061035156,34.36000061035156,32.970001220703125,33.040000915527344,931700,0.0,0
2022-04-01,33.220001220703125,33.349998474121094,31.25,32.0,1006993,0.0,0
